step,A_Pa-3_s-1,direction,x_g_start_km,x_g_end_km,schoof_nearest_km,error_km,years,steady,run_time_s
1,3.00e-25,start,482.39,715.47,721.90,-6.42,21700,True,43.6
2,2.50e-25,down,715.47,725.48,732.11,-6.63,7500,True,9.6
3,2.00e-25,down,725.48,739.45,745.71,-6.27,9300,True,11.6
4,1.50e-25,down,739.45,758.49,765.51,-7.03,9500,True,12.2
5,1.00e-25,down,758.49,792.47,799.77,-7.30,12300,True,15.9
6,5.00e-26,down,792.47,908.49,926.06,-17.57,31600,True,38.6
7,2.50e-26,down,908.49,1433.46,1440.72,-7.25,28400,True,28.6
8,5.00e-26,up,1433.46,1407.11,1412.37,-5.26,13400,True,9.9
9,1.00e-25,up,1407.11,1372.12,1376.33,-4.21,16500,True,15.3
10,1.50e-25,up,1372.12,1343.04,1346.09,-3.05,17000,True,17.9
11,2.00e-25,up,1343.04,1307.92,1307.79,0.13,19700,True,25.2
12,2.50e-25,up,1307.92,730.95,732.11,-1.16,26700,True,89.7
13,3.00e-25,up,730.95,720.95,721.90,-0.95,7900,True,10.3
