x_g_km,A_Pa-3_s-1,stable
478.8,2.516378e-04,1
479.8,6.403541e-11,1
480.8,1.069032e-12,1
481.8,9.097072e-14,1
482.8,1.552560e-14,1
483.8,3.907476e-15,1
484.8,1.260629e-15,1
485.8,4.832993e-16,1
486.8,2.103606e-16,1
487.8,1.009172e-16,1
488.8,5.228666e-17,1
489.8,2.883503e-17,1
490.8,1.674452e-17,1
491.8,1.015508e-17,1
492.8,6.391108e-18,1
493.8,4.152853e-18,1
494.8,2.774689e-18,1
495.8,1.899859e-18,1
496.8,1.329409e-18,1
497.8,9.484452e-19,1
498.8,6.885308e-19,1
499.8,5.077603e-19,1
500.8,3.798278e-19,1
501.8,2.878458e-19,1
502.8,2.207497e-19,1
503.8,1.711543e-19,1
504.8,1.340456e-19,1
505.8,1.059658e-19,1
506.8,8.449562e-20,1
507.8,6.791978e-20,1
508.8,5.500676e-20,1
509.8,4.486227e-20,1
510.8,3.682981e-20,1
511.8,3.042258e-20,1
512.8,2.527623e-20,1
513.8,2.111556e-20,1
514.8,1.773104e-20,1
515.8,1.496185e-20,1
516.8,1.268362e-20,1
517.8,1.079952e-20,1
518.8,9.233642e-21,1
519.8,7.926123e-21,1
520.8,6.829442e-21,1
521.8,5.905679e-21,1
522.8,5.124405e-21,1
523.8,4.461077e-21,1
524.8,3.895799e-21,1
525.8,3.412368e-21,1
526.8,2.997528e-21,1
527.8,2.640388e-21,1
528.8,2.331962e-21,1
529.8,2.064805e-21,1
530.8,1.832730e-21,1
531.8,1.630569e-21,1
532.8,1.453998e-21,1
533.8,1.299380e-21,1
534.8,1.163651e-21,1
535.8,1.044219e-21,1
536.8,9.388850e-22,1
537.8,8.457775e-22,1
538.8,7.633005e-22,1
539.8,6.900883e-22,1
540.8,6.249695e-22,1
541.8,5.669365e-22,1
542.8,5.151208e-22,1
543.8,4.687717e-22,1
544.8,4.272391e-22,1
545.8,3.899585e-22,1
546.8,3.564387e-22,1
547.8,3.262517e-22,1
548.8,2.990233e-22,1
549.8,2.744260e-22,1
550.8,2.521726e-22,1
551.8,2.320107e-22,1
552.8,2.137180e-22,1
553.8,1.970985e-22,1
554.8,1.819792e-22,1
555.8,1.682068e-22,1
556.8,1.556453e-22,1
557.8,1.441744e-22,1
558.8,1.336867e-22,1
559.8,1.240867e-22,1
560.8,1.152892e-22,1
561.8,1.072183e-22,1
562.8,9.980575e-23,1
563.8,9.299073e-23,1
564.8,8.671854e-23,1
565.8,8.094009e-23,1
566.8,7.561126e-23,1
567.8,7.069229e-23,1
568.8,6.614737e-23,1
569.8,6.194416e-23,1
570.8,5.805346e-23,1
571.8,5.444883e-23,1
572.8,5.110635e-23,1
573.8,4.800432e-23,1
574.8,4.512305e-23,1
575.8,4.244464e-23,1
576.8,3.995284e-23,1
577.8,3.763282e-23,1
578.8,3.547109e-23,1
579.8,3.345533e-23,1
580.8,3.157431e-23,1
581.8,2.981774e-23,1
582.8,2.817624e-23,1
583.8,2.664121e-23,1
584.8,2.520474e-23,1
585.8,2.385963e-23,1
586.8,2.259922e-23,1
587.8,2.141743e-23,1
588.8,2.030865e-23,1
589.8,1.926771e-23,1
590.8,1.828988e-23,1
591.8,1.737078e-23,1
592.8,1.650636e-23,1
593.8,1.569291e-23,1
594.8,1.492698e-23,1
595.8,1.420539e-23,1
596.8,1.352520e-23,1
597.8,1.288369e-23,1
598.8,1.227834e-23,1
599.8,1.170680e-23,1
600.8,1.116692e-23,1
601.8,1.065668e-23,1
602.8,1.017421e-23,1
603.8,9.717773e-24,1
604.8,9.285762e-24,1
605.8,8.876672e-24,1
606.8,8.489106e-24,1
607.8,8.121761e-24,1
608.8,7.773425e-24,1
609.8,7.442966e-24,1
610.8,7.129328e-24,1
611.8,6.831525e-24,1
612.8,6.548638e-24,1
613.8,6.279806e-24,1
614.8,6.024224e-24,1
615.8,5.781139e-24,1
616.8,5.549848e-24,1
617.8,5.329690e-24,1
618.8,5.120047e-24,1
619.8,4.920341e-24,1
620.8,4.730026e-24,1
621.8,4.548594e-24,1
622.8,4.375565e-24,1
623.8,4.210491e-24,1
624.8,4.052947e-24,1
625.8,3.902538e-24,1
626.8,3.758890e-24,1
627.8,3.621650e-24,1
628.8,3.490489e-24,1
629.8,3.365094e-24,1
630.8,3.245173e-24,1
631.8,3.130448e-24,1
632.8,3.020659e-24,1
633.8,2.915559e-24,1
634.8,2.814917e-24,1
635.8,2.718513e-24,1
636.8,2.626140e-24,1
637.8,2.537602e-24,1
638.8,2.452715e-24,1
639.8,2.371304e-24,1
640.8,2.293204e-24,1
641.8,2.218258e-24,1
642.8,2.146318e-24,1
643.8,2.077245e-24,1
644.8,2.010904e-24,1
645.8,1.947171e-24,1
646.8,1.885926e-24,1
647.8,1.827056e-24,1
648.8,1.770454e-24,1
649.8,1.716018e-24,1
650.8,1.663651e-24,1
651.8,1.613263e-24,1
652.8,1.564765e-24,1
653.8,1.518075e-24,1
654.8,1.473115e-24,1
655.8,1.429809e-24,1
656.8,1.388087e-24,1
657.8,1.347880e-24,1
658.8,1.309125e-24,1
659.8,1.271761e-24,1
660.8,1.235729e-24,1
661.8,1.200973e-24,1
662.8,1.167440e-24,1
663.8,1.135082e-24,1
664.8,1.103848e-24,1
665.8,1.073693e-24,1
666.8,1.044575e-24,1
667.8,1.016450e-24,1
668.8,9.892798e-25,1
669.8,9.630258e-25,1
670.8,9.376519e-25,1
671.8,9.131235e-25,1
672.8,8.894075e-25,1
673.8,8.664724e-25,1
674.8,8.442880e-25,1
675.8,8.228254e-25,1
676.8,8.020570e-25,1
677.8,7.819565e-25,1
678.8,7.624985e-25,1
679.8,7.436591e-25,1
680.8,7.254149e-25,1
681.8,7.077440e-25,1
682.8,6.906250e-25,1
683.8,6.740378e-25,1
684.8,6.579628e-25,1
685.8,6.423815e-25,1
686.8,6.272759e-25,1
687.8,6.126290e-25,1
688.8,5.984243e-25,1
689.8,5.846461e-25,1
690.8,5.712792e-25,1
691.8,5.583093e-25,1
692.8,5.457223e-25,1
693.8,5.335050e-25,1
694.8,5.216444e-25,1
695.8,5.101284e-25,1
696.8,4.989450e-25,1
697.8,4.880830e-25,1
698.8,4.775314e-25,1
699.8,4.672797e-25,1
700.8,4.573178e-25,1
701.8,4.476361e-25,1
702.8,4.382252e-25,1
703.8,4.290761e-25,1
704.8,4.201803e-25,1
705.8,4.115294e-25,1
706.8,4.031154e-25,1
707.8,3.949307e-25,1
708.8,3.869678e-25,1
709.8,3.792197e-25,1
710.8,3.716794e-25,1
711.8,3.643403e-25,1
712.8,3.571962e-25,1
713.8,3.502407e-25,1
714.8,3.434681e-25,1
715.8,3.368726e-25,1
716.8,3.304487e-25,1
717.8,3.241911e-25,1
718.8,3.180948e-25,1
719.8,3.121547e-25,1
720.8,3.063661e-25,1
721.8,3.007245e-25,1
722.8,2.952253e-25,1
723.8,2.898643e-25,1
724.8,2.846375e-25,1
725.8,2.795407e-25,1
726.8,2.745702e-25,1
727.8,2.697223e-25,1
728.8,2.649932e-25,1
729.8,2.603797e-25,1
730.8,2.558782e-25,1
731.8,2.514857e-25,1
732.8,2.471989e-25,1
733.8,2.430148e-25,1
734.8,2.389305e-25,1
735.8,2.349431e-25,1
736.8,2.310500e-25,1
737.8,2.272485e-25,1
738.8,2.235359e-25,1
739.8,2.199100e-25,1
740.8,2.163681e-25,1
741.8,2.129080e-25,1
742.8,2.095275e-25,1
743.8,2.062245e-25,1
744.8,2.029966e-25,1
745.8,1.998421e-25,1
746.8,1.967587e-25,1
747.8,1.937448e-25,1
748.8,1.907983e-25,1
749.8,1.879176e-25,1
750.8,1.851008e-25,1
751.8,1.823462e-25,1
752.8,1.796524e-25,1
753.8,1.770175e-25,1
754.8,1.744402e-25,1
755.8,1.719189e-25,1
756.8,1.694522e-25,1
757.8,1.670387e-25,1
758.8,1.646769e-25,1
759.8,1.623657e-25,1
760.8,1.601037e-25,1
761.8,1.578897e-25,1
762.8,1.557225e-25,1
763.8,1.536008e-25,1
764.8,1.515237e-25,1
765.8,1.494898e-25,1
766.8,1.474983e-25,1
767.8,1.455481e-25,1
768.8,1.436381e-25,1
769.8,1.417673e-25,1
770.8,1.399349e-25,1
771.8,1.381399e-25,1
772.8,1.363813e-25,1
773.8,1.346584e-25,1
774.8,1.329703e-25,1
775.8,1.313160e-25,1
776.8,1.296950e-25,1
777.8,1.281063e-25,1
778.8,1.265492e-25,1
779.8,1.250229e-25,1
780.8,1.235269e-25,1
781.8,1.220602e-25,1
782.8,1.206224e-25,1
783.8,1.192127e-25,1
784.8,1.178304e-25,1
785.8,1.164750e-25,1
786.8,1.151459e-25,1
787.8,1.138424e-25,1
788.8,1.125640e-25,1
789.8,1.113101e-25,1
790.8,1.100802e-25,1
791.8,1.088738e-25,1
792.8,1.076903e-25,1
793.8,1.065292e-25,1
794.8,1.053900e-25,1
795.8,1.042723e-25,1
796.8,1.031756e-25,1
797.8,1.020995e-25,1
798.8,1.010435e-25,1
799.8,1.000071e-25,1
800.8,9.899003e-26,1
801.8,9.799179e-26,1
802.8,9.701201e-26,1
803.8,9.605030e-26,1
804.8,9.510628e-26,1
805.8,9.417959e-26,1
806.8,9.326987e-26,1
807.8,9.237677e-26,1
808.8,9.149995e-26,1
809.8,9.063907e-26,1
810.8,8.979382e-26,1
811.8,8.896388e-26,1
812.8,8.814894e-26,1
813.8,8.734871e-26,1
814.8,8.656288e-26,1
815.8,8.579117e-26,1
816.8,8.503331e-26,1
817.8,8.428903e-26,1
818.8,8.355805e-26,1
819.8,8.284012e-26,1
820.8,8.213499e-26,1
821.8,8.144241e-26,1
822.8,8.076215e-26,1
823.8,8.009396e-26,1
824.8,7.943762e-26,1
825.8,7.879290e-26,1
826.8,7.815959e-26,1
827.8,7.753747e-26,1
828.8,7.692634e-26,1
829.8,7.632599e-26,1
830.8,7.573623e-26,1
831.8,7.515686e-26,1
832.8,7.458769e-26,1
833.8,7.402854e-26,1
834.8,7.347923e-26,1
835.8,7.293957e-26,1
836.8,7.240941e-26,1
837.8,7.188857e-26,1
838.8,7.137689e-26,1
839.8,7.087420e-26,1
840.8,7.038036e-26,1
841.8,6.989520e-26,1
842.8,6.941858e-26,1
843.8,6.895036e-26,1
844.8,6.849038e-26,1
845.8,6.803851e-26,1
846.8,6.759462e-26,1
847.8,6.715857e-26,1
848.8,6.673023e-26,1
849.8,6.630948e-26,1
850.8,6.589618e-26,1
851.8,6.549022e-26,1
852.8,6.509148e-26,1
853.8,6.469985e-26,1
854.8,6.431520e-26,1
855.8,6.393744e-26,1
856.8,6.356644e-26,1
857.8,6.320211e-26,1
858.8,6.284434e-26,1
859.8,6.249302e-26,1
860.8,6.214807e-26,1
861.8,6.180939e-26,1
862.8,6.147687e-26,1
863.8,6.115043e-26,1
864.8,6.082997e-26,1
865.8,6.051541e-26,1
866.8,6.020667e-26,1
867.8,5.990365e-26,1
868.8,5.960627e-26,1
869.8,5.931446e-26,1
870.8,5.902814e-26,1
871.8,5.874722e-26,1
872.8,5.847163e-26,1
873.8,5.820130e-26,1
874.8,5.793615e-26,1
875.8,5.767612e-26,1
876.8,5.742114e-26,1
877.8,5.717114e-26,1
878.8,5.692605e-26,1
879.8,5.668580e-26,1
880.8,5.645034e-26,1
881.8,5.621961e-26,1
882.8,5.599354e-26,1
883.8,5.577207e-26,1
884.8,5.555515e-26,1
885.8,5.534273e-26,1
886.8,5.513473e-26,1
887.8,5.493112e-26,1
888.8,5.473184e-26,1
889.8,5.453684e-26,1
890.8,5.434607e-26,1
891.8,5.415948e-26,1
892.8,5.397702e-26,1
893.8,5.379864e-26,1
894.8,5.362430e-26,1
895.8,5.345396e-26,1
896.8,5.328757e-26,1
897.8,5.312509e-26,1
898.8,5.296648e-26,1
899.8,5.281170e-26,1
900.8,5.266070e-26,1
901.8,5.251345e-26,1
902.8,5.236991e-26,1
903.8,5.223005e-26,1
904.8,5.209383e-26,1
905.8,5.196121e-26,1
906.8,5.183216e-26,1
907.8,5.170665e-26,1
908.8,5.158464e-26,1
909.8,5.146610e-26,1
910.8,5.135101e-26,1
911.8,5.123933e-26,1
912.8,5.113103e-26,1
913.8,5.102609e-26,1
914.8,5.092447e-26,1
915.8,5.082616e-26,1
916.8,5.073112e-26,1
917.8,5.063933e-26,1
918.8,5.055076e-26,1
919.8,5.046539e-26,1
920.8,5.038319e-26,1
921.8,5.030415e-26,1
922.8,5.022825e-26,1
923.8,5.015545e-26,1
924.8,5.008574e-26,1
925.8,5.001910e-26,1
926.8,4.995551e-26,1
927.8,4.989496e-26,1
928.8,4.983741e-26,1
929.8,4.978286e-26,1
930.8,4.973129e-26,1
931.8,4.968268e-26,1
932.8,4.963701e-26,1
933.8,4.959428e-26,1
934.8,4.955446e-26,1
935.8,4.951754e-26,1
936.8,4.948351e-26,1
937.8,4.945236e-26,1
938.8,4.942406e-26,1
939.8,4.939862e-26,1
940.8,4.937601e-26,1
941.8,4.935623e-26,1
942.8,4.933927e-26,1
943.8,4.932511e-26,1
944.8,4.931375e-26,1
945.8,4.930518e-26,1
946.8,4.929939e-26,1
947.8,4.929636e-26,1
948.8,4.929610e-26,0
949.8,4.929860e-26,0
950.8,4.930384e-26,0
951.8,4.931183e-26,0
952.8,4.932256e-26,0
953.8,4.933601e-26,0
954.8,4.935219e-26,0
955.8,4.937110e-26,0
956.8,4.939272e-26,0
957.8,4.941706e-26,0
958.8,4.944410e-26,0
959.8,4.947386e-26,0
960.8,4.950632e-26,0
961.8,4.954148e-26,0
962.8,4.957935e-26,0
963.8,4.961992e-26,0
964.8,4.966319e-26,0
965.8,4.970916e-26,0
966.8,4.975783e-26,0
967.8,4.980920e-26,0
968.8,4.986327e-26,0
969.8,4.992004e-26,0
970.8,4.997952e-26,0
971.8,5.004170e-26,0
972.8,5.010659e-26,0
973.8,5.017420e-26,0
974.8,5.024451e-26,0
975.8,5.031755e-26,0
976.8,5.039331e-26,0
977.8,5.047179e-26,0
978.8,5.055301e-26,0
979.8,5.063696e-26,0
980.8,5.072365e-26,0
981.8,5.081309e-26,0
982.8,5.090528e-26,0
983.8,5.100024e-26,0
984.8,5.109795e-26,0
985.8,5.119845e-26,0
986.8,5.130172e-26,0
987.8,5.140778e-26,0
988.8,5.151664e-26,0
989.8,5.162831e-26,0
990.8,5.174279e-26,0
991.8,5.186009e-26,0
992.8,5.198023e-26,0
993.8,5.210321e-26,0
994.8,5.222905e-26,0
995.8,5.235775e-26,0
996.8,5.248932e-26,0
997.8,5.262378e-26,0
998.8,5.276114e-26,0
999.8,5.290142e-26,0
1000.8,5.304461e-26,0
1001.8,5.319074e-26,0
1002.8,5.333982e-26,0
1003.8,5.349186e-26,0
1004.8,5.364687e-26,0
1005.8,5.380488e-26,0
1006.8,5.396589e-26,0
1007.8,5.412992e-26,0
1008.8,5.429698e-26,0
1009.8,5.446709e-26,0
1010.8,5.464026e-26,0
1011.8,5.481652e-26,0
1012.8,5.499587e-26,0
1013.8,5.517833e-26,0
1014.8,5.536392e-26,0
1015.8,5.555267e-26,0
1016.8,5.574457e-26,0
1017.8,5.593966e-26,0
1018.8,5.613795e-26,0
1019.8,5.633946e-26,0
1020.8,5.654420e-26,0
1021.8,5.675220e-26,0
1022.8,5.696348e-26,0
1023.8,5.717806e-26,0
1024.8,5.739594e-26,0
1025.8,5.761717e-26,0
1026.8,5.784175e-26,0
1027.8,5.806971e-26,0
1028.8,5.830107e-26,0
1029.8,5.853585e-26,0
1030.8,5.877407e-26,0
1031.8,5.901575e-26,0
1032.8,5.926092e-26,0
1033.8,5.950960e-26,0
1034.8,5.976180e-26,0
1035.8,6.001756e-26,0
1036.8,6.027690e-26,0
1037.8,6.053985e-26,0
1038.8,6.080641e-26,0
1039.8,6.107663e-26,0
1040.8,6.135051e-26,0
1041.8,6.162810e-26,0
1042.8,6.190941e-26,0
1043.8,6.219447e-26,0
1044.8,6.248330e-26,0
1045.8,6.277593e-26,0
1046.8,6.307239e-26,0
1047.8,6.337270e-26,0
1048.8,6.367689e-26,0
1049.8,6.398498e-26,0
1050.8,6.429700e-26,0
1051.8,6.461298e-26,0
1052.8,6.493294e-26,0
1053.8,6.525692e-26,0
1054.8,6.558494e-26,0
1055.8,6.591702e-26,0
1056.8,6.625320e-26,0
1057.8,6.659351e-26,0
1058.8,6.693797e-26,0
1059.8,6.728660e-26,0
1060.8,6.763945e-26,0
1061.8,6.799654e-26,0
1062.8,6.835789e-26,0
1063.8,6.872354e-26,0
1064.8,6.909351e-26,0
1065.8,6.946784e-26,0
1066.8,6.984656e-26,0
1067.8,7.022968e-26,0
1068.8,7.061725e-26,0
1069.8,7.100929e-26,0
1070.8,7.140584e-26,0
1071.8,7.180692e-26,0
1072.8,7.221255e-26,0
1073.8,7.262279e-26,0
1074.8,7.303764e-26,0
1075.8,7.345714e-26,0
1076.8,7.388133e-26,0
1077.8,7.431023e-26,0
1078.8,7.474387e-26,0
1079.8,7.518228e-26,0
1080.8,7.562549e-26,0
1081.8,7.607354e-26,0
1082.8,7.652644e-26,0
1083.8,7.698424e-26,0
1084.8,7.744695e-26,0
1085.8,7.791462e-26,0
1086.8,7.838726e-26,0
1087.8,7.886491e-26,0
1088.8,7.934760e-26,0
1089.8,7.983535e-26,0
1090.8,8.032820e-26,0
1091.8,8.082616e-26,0
1092.8,8.132928e-26,0
1093.8,8.183758e-26,0
1094.8,8.235108e-26,0
1095.8,8.286982e-26,0
1096.8,8.339381e-26,0
1097.8,8.392310e-26,0
1098.8,8.445769e-26,0
1099.8,8.499762e-26,0
1100.8,8.554292e-26,0
1101.8,8.609360e-26,0
1102.8,8.664970e-26,0
1103.8,8.721124e-26,0
1104.8,8.777823e-26,0
1105.8,8.835071e-26,0
1106.8,8.892870e-26,0
1107.8,8.951221e-26,0
1108.8,9.010128e-26,0
1109.8,9.069591e-26,0
1110.8,9.129613e-26,0
1111.8,9.190196e-26,0
1112.8,9.251342e-26,0
1113.8,9.313052e-26,0
1114.8,9.375329e-26,0
1115.8,9.438173e-26,0
1116.8,9.501586e-26,0
1117.8,9.565570e-26,0
1118.8,9.630126e-26,0
1119.8,9.695256e-26,0
1120.8,9.760960e-26,0
1121.8,9.827239e-26,0
1122.8,9.894094e-26,0
1123.8,9.961527e-26,0
1124.8,1.002954e-25,0
1125.8,1.009813e-25,0
1126.8,1.016729e-25,0
1127.8,1.023704e-25,0
1128.8,1.030737e-25,0
1129.8,1.037827e-25,0
1130.8,1.044976e-25,0
1131.8,1.052182e-25,0
1132.8,1.059446e-25,0
1133.8,1.066768e-25,0
1134.8,1.074148e-25,0
1135.8,1.081585e-25,0
1136.8,1.089080e-25,0
1137.8,1.096633e-25,0
1138.8,1.104242e-25,0
1139.8,1.111909e-25,0
1140.8,1.119633e-25,0
1141.8,1.127413e-25,0
1142.8,1.135250e-25,0
1143.8,1.143144e-25,0
1144.8,1.151093e-25,0
1145.8,1.159098e-25,0
1146.8,1.167159e-25,0
1147.8,1.175274e-25,0
1148.8,1.183445e-25,0
1149.8,1.191669e-25,0
1150.8,1.199948e-25,0
1151.8,1.208281e-25,0
1152.8,1.216666e-25,0
1153.8,1.225104e-25,0
1154.8,1.233595e-25,0
1155.8,1.242137e-25,0
1156.8,1.250730e-25,0
1157.8,1.259374e-25,0
1158.8,1.268067e-25,0
1159.8,1.276810e-25,0
1160.8,1.285601e-25,0
1161.8,1.294440e-25,0
1162.8,1.303327e-25,0
1163.8,1.312259e-25,0
1164.8,1.321238e-25,0
1165.8,1.330261e-25,0
1166.8,1.339327e-25,0
1167.8,1.348437e-25,0
1168.8,1.357589e-25,0
1169.8,1.366782e-25,0
1170.8,1.376015e-25,0
1171.8,1.385287e-25,0
1172.8,1.394597e-25,0
1173.8,1.403943e-25,0
1174.8,1.413326e-25,0
1175.8,1.422743e-25,0
1176.8,1.432193e-25,0
1177.8,1.441674e-25,0
1178.8,1.451187e-25,0
1179.8,1.460729e-25,0
1180.8,1.470298e-25,0
1181.8,1.479894e-25,0
1182.8,1.489515e-25,0
1183.8,1.499160e-25,0
1184.8,1.508826e-25,0
1185.8,1.518512e-25,0
1186.8,1.528217e-25,0
1187.8,1.537939e-25,0
1188.8,1.547676e-25,0
1189.8,1.557426e-25,0
1190.8,1.567187e-25,0
1191.8,1.576958e-25,0
1192.8,1.586737e-25,0
1193.8,1.596522e-25,0
1194.8,1.606309e-25,0
1195.8,1.616099e-25,0
1196.8,1.625888e-25,0
1197.8,1.635674e-25,0
1198.8,1.645455e-25,0
1199.8,1.655229e-25,0
1200.8,1.664993e-25,0
1201.8,1.674746e-25,0
1202.8,1.684484e-25,0
1203.8,1.694205e-25,0
1204.8,1.703907e-25,0
1205.8,1.713587e-25,0
1206.8,1.723242e-25,0
1207.8,1.732870e-25,0
1208.8,1.742469e-25,0
1209.8,1.752035e-25,0
1210.8,1.761566e-25,0
1211.8,1.771058e-25,0
1212.8,1.780509e-25,0
1213.8,1.789917e-25,0
1214.8,1.799277e-25,0
1215.8,1.808588e-25,0
1216.8,1.817845e-25,0
1217.8,1.827046e-25,0
1218.8,1.836188e-25,0
1219.8,1.845267e-25,0
1220.8,1.854281e-25,0
1221.8,1.863226e-25,0
1222.8,1.872098e-25,0
1223.8,1.880895e-25,0
1224.8,1.889613e-25,0
1225.8,1.898248e-25,0
1226.8,1.906798e-25,0
1227.8,1.915258e-25,0
1228.8,1.923626e-25,0
1229.8,1.931897e-25,0
1230.8,1.940068e-25,0
1231.8,1.948135e-25,0
1232.8,1.956096e-25,0
1233.8,1.963945e-25,0
1234.8,1.971680e-25,0
1235.8,1.979297e-25,0
1236.8,1.986792e-25,0
1237.8,1.994162e-25,0
1238.8,2.001402e-25,0
1239.8,2.008509e-25,0
1240.8,2.015479e-25,0
1241.8,2.022309e-25,0
1242.8,2.028994e-25,0
1243.8,2.035532e-25,0
1244.8,2.041917e-25,0
1245.8,2.048147e-25,0
1246.8,2.054217e-25,0
1247.8,2.060124e-25,0
1248.8,2.065864e-25,0
1249.8,2.071434e-25,0
1250.8,2.076829e-25,0
1251.8,2.082045e-25,0
1252.8,2.087080e-25,0
1253.8,2.091930e-25,0
1254.8,2.096591e-25,0
1255.8,2.101058e-25,0
1256.8,2.105330e-25,0
1257.8,2.109401e-25,0
1258.8,2.113270e-25,0
1259.8,2.116931e-25,0
1260.8,2.120382e-25,0
1261.8,2.123620e-25,0
1262.8,2.126641e-25,0
1263.8,2.129441e-25,0
1264.8,2.132018e-25,0
1265.8,2.134369e-25,0
1266.8,2.136490e-25,0
1267.8,2.138378e-25,0
1268.8,2.140031e-25,0
1269.8,2.141445e-25,0
1270.8,2.142618e-25,0
1271.8,2.143547e-25,0
1272.8,2.144230e-25,0
1273.8,2.144663e-25,0
1274.8,2.144845e-25,0
1275.8,2.144773e-25,1
1276.8,2.144445e-25,1
1277.8,2.143858e-25,1
1278.8,2.143011e-25,1
1279.8,2.141901e-25,1
1280.8,2.140528e-25,1
1281.8,2.138888e-25,1
1282.8,2.136980e-25,1
1283.8,2.134804e-25,1
1284.8,2.132357e-25,1
1285.8,2.129639e-25,1
1286.8,2.126647e-25,1
1287.8,2.123382e-25,1
1288.8,2.119841e-25,1
1289.8,2.116026e-25,1
1290.8,2.111934e-25,1
1291.8,2.107566e-25,1
1292.8,2.102920e-25,1
1293.8,2.097998e-25,1
1294.8,2.092798e-25,1
1295.8,2.087322e-25,1
1296.8,2.081568e-25,1
1297.8,2.075538e-25,1
1298.8,2.069233e-25,1
1299.8,2.062651e-25,1
1300.8,2.055796e-25,1
1301.8,2.048667e-25,1
1302.8,2.041266e-25,1
1303.8,2.033593e-25,1
1304.8,2.025652e-25,1
1305.8,2.017442e-25,1
1306.8,2.008966e-25,1
1307.8,2.000225e-25,1
1308.8,1.991223e-25,1
1309.8,1.981960e-25,1
1310.8,1.972439e-25,1
1311.8,1.962664e-25,1
1312.8,1.952635e-25,1
1313.8,1.942357e-25,1
1314.8,1.931832e-25,1
1315.8,1.921063e-25,1
1316.8,1.910054e-25,1
1317.8,1.898808e-25,1
1318.8,1.887328e-25,1
1319.8,1.875618e-25,1
1320.8,1.863682e-25,1
1321.8,1.851523e-25,1
1322.8,1.839147e-25,1
1323.8,1.826556e-25,1
1324.8,1.813756e-25,1
1325.8,1.800751e-25,1
1326.8,1.787544e-25,1
1327.8,1.774142e-25,1
1328.8,1.760548e-25,1
1329.8,1.746768e-25,1
1330.8,1.732807e-25,1
1331.8,1.718669e-25,1
1332.8,1.704360e-25,1
1333.8,1.689886e-25,1
1334.8,1.675250e-25,1
1335.8,1.660460e-25,1
1336.8,1.645520e-25,1
1337.8,1.630436e-25,1
1338.8,1.615214e-25,1
1339.8,1.599859e-25,1
1340.8,1.584377e-25,1
1341.8,1.568775e-25,1
1342.8,1.553057e-25,1
1343.8,1.537230e-25,1
1344.8,1.521301e-25,1
1345.8,1.505274e-25,1
1346.8,1.489156e-25,1
1347.8,1.472953e-25,1
1348.8,1.456671e-25,1
1349.8,1.440316e-25,1
1350.8,1.423894e-25,1
1351.8,1.407412e-25,1
1352.8,1.390875e-25,1
1353.8,1.374290e-25,1
1354.8,1.357663e-25,1
1355.8,1.340999e-25,1
1356.8,1.324305e-25,1
1357.8,1.307587e-25,1
1358.8,1.290851e-25,1
1359.8,1.274102e-25,1
1360.8,1.257348e-25,1
1361.8,1.240592e-25,1
1362.8,1.223842e-25,1
1363.8,1.207104e-25,1
1364.8,1.190382e-25,1
1365.8,1.173682e-25,1
1366.8,1.157010e-25,1
1367.8,1.140372e-25,1
1368.8,1.123773e-25,1
1369.8,1.107218e-25,1
1370.8,1.090713e-25,1
1371.8,1.074262e-25,1
1372.8,1.057871e-25,1
1373.8,1.041545e-25,1
1374.8,1.025288e-25,1
1375.8,1.009106e-25,1
1376.8,9.930022e-26,1
1377.8,9.769825e-26,1
1378.8,9.610508e-26,1
1379.8,9.452116e-26,1
1380.8,9.294690e-26,1
1381.8,9.138272e-26,1
1382.8,8.982902e-26,1
1383.8,8.828618e-26,1
1384.8,8.675458e-26,1
1385.8,8.523458e-26,1
1386.8,8.372655e-26,1
1387.8,8.223080e-26,1
1388.8,8.074768e-26,1
1389.8,7.927750e-26,1
1390.8,7.782055e-26,1
1391.8,7.637712e-26,1
1392.8,7.494749e-26,1
1393.8,7.353193e-26,1
1394.8,7.213068e-26,1
1395.8,7.074397e-26,1
1396.8,6.937204e-26,1
1397.8,6.801509e-26,1
1398.8,6.667333e-26,1
1399.8,6.534694e-26,1
1400.8,6.403608e-26,1
1401.8,6.274094e-26,1
1402.8,6.146164e-26,1
1403.8,6.019834e-26,1
1404.8,5.895115e-26,1
1405.8,5.772019e-26,1
1406.8,5.650555e-26,1
1407.8,5.530733e-26,1
1408.8,5.412561e-26,1
1409.8,5.296045e-26,1
1410.8,5.181190e-26,1
1411.8,5.068002e-26,1
1412.8,4.956483e-26,1
1413.8,4.846637e-26,1
1414.8,4.738463e-26,1
1415.8,4.631963e-26,1
1416.8,4.527136e-26,1
1417.8,4.423981e-26,1
1418.8,4.322494e-26,1
1419.8,4.222673e-26,1
1420.8,4.124512e-26,1
1421.8,4.028008e-26,1
1422.8,3.933153e-26,1
1423.8,3.839942e-26,1
1424.8,3.748366e-26,1
1425.8,3.658418e-26,1
1426.8,3.570088e-26,1
1427.8,3.483366e-26,1
1428.8,3.398242e-26,1
1429.8,3.314706e-26,1
1430.8,3.232744e-26,1
1431.8,3.152346e-26,1
1432.8,3.073499e-26,1
1433.8,2.996188e-26,1
1434.8,2.920400e-26,1
1435.8,2.846121e-26,1
1436.8,2.773337e-26,1
1437.8,2.702031e-26,1
1438.8,2.632188e-26,1
1439.8,2.563792e-26,1
1440.8,2.496827e-26,1
1441.8,2.431276e-26,1
1442.8,2.367122e-26,1
1443.8,2.304347e-26,1
1444.8,2.242935e-26,1
1445.8,2.182867e-26,1
1446.8,2.124125e-26,1
1447.8,2.066691e-26,1
1448.8,2.010547e-26,1
1449.8,1.955673e-26,1
1450.8,1.902052e-26,1
1451.8,1.849664e-26,1
1452.8,1.798491e-26,1
1453.8,1.748513e-26,1
1454.8,1.699712e-26,1
1455.8,1.652068e-26,1
1456.8,1.605562e-26,1
1457.8,1.560175e-26,1
1458.8,1.515888e-26,1
1459.8,1.472681e-26,1
1460.8,1.430536e-26,1
1461.8,1.389434e-26,1
1462.8,1.349354e-26,1
1463.8,1.310280e-26,1
1464.8,1.272191e-26,1
1465.8,1.235069e-26,1
1466.8,1.198895e-26,1
1467.8,1.163651e-26,1
1468.8,1.129318e-26,1
1469.8,1.095878e-26,1
1470.8,1.063313e-26,1
1471.8,1.031606e-26,1
1472.8,1.000737e-26,1
1473.8,9.706898e-27,1
1474.8,9.414467e-27,1
1475.8,9.129905e-27,1
1476.8,8.853040e-27,1
1477.8,8.583704e-27,1
1478.8,8.321729e-27,1
1479.8,8.066952e-27,1
1480.8,7.819210e-27,1
1481.8,7.578342e-27,1
1482.8,7.344191e-27,1
1483.8,7.116600e-27,1
1484.8,6.895416e-27,1
1485.8,6.680486e-27,1
1486.8,6.471664e-27,1
1487.8,6.268801e-27,1
1488.8,6.071753e-27,1
1489.8,5.880378e-27,1
1490.8,5.694537e-27,1
1491.8,5.514092e-27,1
1492.8,5.338909e-27,1
1493.8,5.168855e-27,1
1494.8,5.003801e-27,1
1495.8,4.843618e-27,1
1496.8,4.688181e-27,1
1497.8,4.537368e-27,1
1498.8,4.391058e-27,1
1499.8,4.249132e-27,1
1500.8,4.111476e-27,1
1501.8,3.977976e-27,1
1502.8,3.848521e-27,1
1503.8,3.723001e-27,1
1504.8,3.601312e-27,1
1505.8,3.483347e-27,1
1506.8,3.369006e-27,1
1507.8,3.258189e-27,1
1508.8,3.150798e-27,1
1509.8,3.046738e-27,1
1510.8,2.945916e-27,1
1511.8,2.848240e-27,1
1512.8,2.753622e-27,1
1513.8,2.661976e-27,1
1514.8,2.573215e-27,1
1515.8,2.487258e-27,1
1516.8,2.404024e-27,1
1517.8,2.323433e-27,1
1518.8,2.245409e-27,1
1519.8,2.169878e-27,1
1520.8,2.096765e-27,1
1521.8,2.025999e-27,1
1522.8,1.957512e-27,1
1523.8,1.891235e-27,1
1524.8,1.827102e-27,1
1525.8,1.765049e-27,1
1526.8,1.705014e-27,1
1527.8,1.646935e-27,1
1528.8,1.590753e-27,1
1529.8,1.536411e-27,1
1530.8,1.483852e-27,1
1531.8,1.433022e-27,1
1532.8,1.383867e-27,1
1533.8,1.336336e-27,1
1534.8,1.290378e-27,1
1535.8,1.245944e-27,1
1536.8,1.202988e-27,1
1537.8,1.161461e-27,1
1538.8,1.121321e-27,1
1539.8,1.082523e-27,1
1540.8,1.045024e-27,1
1541.8,1.008784e-27,1
1542.8,9.737616e-28,1
1543.8,9.399194e-28,1
1544.8,9.072190e-28,1
1545.8,8.756238e-28,1
1546.8,8.450984e-28,1
1547.8,8.156082e-28,1
1548.8,7.871197e-28,1
1549.8,7.596006e-28,1
1550.8,7.330192e-28,1
1551.8,7.073450e-28,1
1552.8,6.825484e-28,1
1553.8,6.586007e-28,1
1554.8,6.354740e-28,1
1555.8,6.131412e-28,1
1556.8,5.915762e-28,1
1557.8,5.707537e-28,1
1558.8,5.506490e-28,1
1559.8,5.312382e-28,1
1560.8,5.124984e-28,1
1561.8,4.944071e-28,1
1562.8,4.769426e-28,1
1563.8,4.600841e-28,1
1564.8,4.438111e-28,1
1565.8,4.281039e-28,1
1566.8,4.129436e-28,1
1567.8,3.983116e-28,1
1568.8,3.841901e-28,1
1569.8,3.705619e-28,1
1570.8,3.574101e-28,1
1571.8,3.447186e-28,1
1572.8,3.324718e-28,1
1573.8,3.206544e-28,1
1574.8,3.092518e-28,1
1575.8,2.982498e-28,1
1576.8,2.876347e-28,1
1577.8,2.773932e-28,1
1578.8,2.675124e-28,1
1579.8,2.579800e-28,1
1580.8,2.487839e-28,1
1581.8,2.399126e-28,1
1582.8,2.313547e-28,1
1583.8,2.230995e-28,1
1584.8,2.151365e-28,1
1585.8,2.074555e-28,1
1586.8,2.000467e-28,1
1587.8,1.929006e-28,1
1588.8,1.860082e-28,1
1589.8,1.793605e-28,1
1590.8,1.729490e-28,1
1591.8,1.667655e-28,1
1592.8,1.608019e-28,1
1593.8,1.550506e-28,1
1594.8,1.495041e-28,1
1595.8,1.441553e-28,1
1596.8,1.389971e-28,1
1597.8,1.340229e-28,1
1598.8,1.292263e-28,1
1599.8,1.246008e-28,1
1600.8,1.201406e-28,1
1601.8,1.158397e-28,1
1602.8,1.116925e-28,1
1603.8,1.076937e-28,1
1604.8,1.038379e-28,1
1605.8,1.001201e-28,1
1606.8,9.653535e-29,1
1607.8,9.307898e-29,1
1608.8,8.974642e-29,1
1609.8,8.653327e-29,1
1610.8,8.343527e-29,1
1611.8,8.044834e-29,1
1612.8,7.756851e-29,1
1613.8,7.479198e-29,1
1614.8,7.211505e-29,1
1615.8,6.953418e-29,1
1616.8,6.704594e-29,1
1617.8,6.464701e-29,1
1618.8,6.233421e-29,1
1619.8,6.010445e-29,1
1620.8,5.795477e-29,1
1621.8,5.588230e-29,1
1622.8,5.388427e-29,1
1623.8,5.195802e-29,1
1624.8,5.010097e-29,1
1625.8,4.831065e-29,1
1626.8,4.658466e-29,1
1627.8,4.492069e-29,1
1628.8,4.331651e-29,1
1629.8,4.176999e-29,1
1630.8,4.027904e-29,1
1631.8,3.884166e-29,1
1632.8,3.745595e-29,1
1633.8,3.612003e-29,1
1634.8,3.483211e-29,1
1635.8,3.359047e-29,1
1636.8,3.239345e-29,1
1637.8,3.123943e-29,1
1638.8,3.012687e-29,1
1639.8,2.905428e-29,1
1640.8,2.802021e-29,1
1641.8,2.702328e-29,1
1642.8,2.606215e-29,1
1643.8,2.513553e-29,1
1644.8,2.424218e-29,1
1645.8,2.338090e-29,1
1646.8,2.255052e-29,1
1647.8,2.174995e-29,1
1648.8,2.097809e-29,1
1649.8,2.023393e-29,1
1650.8,1.951645e-29,1
1651.8,1.882470e-29,1
1652.8,1.815774e-29,1
1653.8,1.751469e-29,1
1654.8,1.689468e-29,1
1655.8,1.629689e-29,1
1656.8,1.572050e-29,1
1657.8,1.516475e-29,1
1658.8,1.462889e-29,1
1659.8,1.411221e-29,1
1660.8,1.361401e-29,1
1661.8,1.313363e-29,1
1662.8,1.267042e-29,1
1663.8,1.222378e-29,1
1664.8,1.179309e-29,1
1665.8,1.137778e-29,1
1666.8,1.097731e-29,1
1667.8,1.059113e-29,1
1668.8,1.021873e-29,1
1669.8,9.859609e-30,1
1670.8,9.513297e-30,1
1671.8,9.179329e-30,1
1672.8,8.857261e-30,1
1673.8,8.546664e-30,1
1674.8,8.247125e-30,1
1675.8,7.958245e-30,1
1676.8,7.679643e-30,1
1677.8,7.410947e-30,1
1678.8,7.151802e-30,1
1679.8,6.901864e-30,1
1680.8,6.660803e-30,1
1681.8,6.428298e-30,1
1682.8,6.204044e-30,1
1683.8,5.987742e-30,1
1684.8,5.779109e-30,1
1685.8,5.577868e-30,1
1686.8,5.383755e-30,1
1687.8,5.196513e-30,1
1688.8,5.015896e-30,1
1689.8,4.841666e-30,1
1690.8,4.673595e-30,1
1691.8,4.511463e-30,1
1692.8,4.355055e-30,1
1693.8,4.204168e-30,1
1694.8,4.058603e-30,1
1695.8,3.918170e-30,1
1696.8,3.782686e-30,1
1697.8,3.651974e-30,1
1698.8,3.525863e-30,1
1699.8,3.404189e-30,1
1700.8,3.286793e-30,1
1701.8,3.173522e-30,1
1702.8,3.064230e-30,1
1703.8,2.958774e-30,1
1704.8,2.857019e-30,1
1705.8,2.758830e-30,1
1706.8,2.664083e-30,1
1707.8,2.572654e-30,1
1708.8,2.484425e-30,1
1709.8,2.399282e-30,1
1710.8,2.317116e-30,1
1711.8,2.237821e-30,1
1712.8,2.161294e-30,1
1713.8,2.087438e-30,1
1714.8,2.016157e-30,1
1715.8,1.947361e-30,1
1716.8,1.880961e-30,1
1717.8,1.816873e-30,1
1718.8,1.755013e-30,1
1719.8,1.695305e-30,1
1720.8,1.637670e-30,1
1721.8,1.582037e-30,1
1722.8,1.528334e-30,1
1723.8,1.476493e-30,1
1724.8,1.426449e-30,1
1725.8,1.378138e-30,1
1726.8,1.331498e-30,1
1727.8,1.286471e-30,1
1728.8,1.243001e-30,1
1729.8,1.201032e-30,1
1730.8,1.160511e-30,1
1731.8,1.121388e-30,1
1732.8,1.083613e-30,1
1733.8,1.047139e-30,1
1734.8,1.011920e-30,1
1735.8,9.779132e-31,1
1736.8,9.450749e-31,1
1737.8,9.133644e-31,1
1738.8,8.827422e-31,1
1739.8,8.531703e-31,1
1740.8,8.246119e-31,1
1741.8,7.970316e-31,1
1742.8,7.703951e-31,1
1743.8,7.446696e-31,1
1744.8,7.198232e-31,1
1745.8,6.958253e-31,1
1746.8,6.726463e-31,1
1747.8,6.502577e-31,1
1748.8,6.286320e-31,1
1749.8,6.077426e-31,1
1750.8,5.875639e-31,1
1751.8,5.680713e-31,1
1752.8,5.492408e-31,1
1753.8,5.310497e-31,1
1754.8,5.134756e-31,1
1755.8,4.964972e-31,1
1756.8,4.800938e-31,1
1757.8,4.642456e-31,1
1758.8,4.489334e-31,1
1759.8,4.341387e-31,1
1760.8,4.198435e-31,1
1761.8,4.060306e-31,1
1762.8,3.926835e-31,1
1763.8,3.797860e-31,1
1764.8,3.673227e-31,1
1765.8,3.552786e-31,1
1766.8,3.436393e-31,1
1767.8,3.323909e-31,1
1768.8,3.215200e-31,1
1769.8,3.110135e-31,1
1770.8,3.008591e-31,1
1771.8,2.910447e-31,1
1772.8,2.815586e-31,1
1773.8,2.723895e-31,1
1774.8,2.635267e-31,1
1775.8,2.549596e-31,1
1776.8,2.466782e-31,1
1777.8,2.386727e-31,1
1778.8,2.309338e-31,1
1779.8,2.234523e-31,1
1780.8,2.162194e-31,1
1781.8,2.092268e-31,1
1782.8,2.024662e-31,1
1783.8,1.959297e-31,1
1784.8,1.896098e-31,1
1785.8,1.834991e-31,1
1786.8,1.775906e-31,1
1787.8,1.718773e-31,1
1788.8,1.663526e-31,1
1789.8,1.610103e-31,1
1790.8,1.558440e-31,1
1791.8,1.508479e-31,1
1792.8,1.460163e-31,1
1793.8,1.413436e-31,1
1794.8,1.368243e-31,1
1795.8,1.324535e-31,1
1796.8,1.282260e-31,1
1797.8,1.241371e-31,1
1798.8,1.201821e-31,1
1799.8,1.163565e-31,1
