step,scheme,dx_km,A_Pa-3_s-1,direction,x_g_km,schoof_km,error_km,run_time_s
3,plain,8.0,3.0e-25,advance,615.44,721.90,-106.45,3.1
3,plain,4.0,3.0e-25,advance,639.79,721.90,-82.10,7.0
3,plain,2.0,3.0e-25,advance,659.94,721.90,-61.96,16.8
3,plain,1.0,3.0e-25,advance,676.99,721.90,-44.91,45.2
3,plain,0.5,3.0e-25,advance,691.50,721.90,-30.40,136.9
3,subgrid,8.0,3.0e-25,advance,691.84,721.90,-30.06,3.5
3,subgrid,4.0,3.0e-25,advance,705.78,721.90,-16.11,8.1
3,subgrid,2.0,3.0e-25,advance,710.98,721.90,-10.92,17.4
3,subgrid,1.0,3.0e-25,advance,715.48,721.90,-6.42,43.7
3,subgrid,0.5,3.0e-25,advance,717.73,721.90,-4.16,111.5
4,subgrid,1.0,3.0e-25,start,715.47,721.90,-6.42,43.6
4,subgrid,1.0,2.5e-25,down,725.48,732.11,-6.63,9.6
4,subgrid,1.0,2.0e-25,down,739.45,745.71,-6.27,11.6
4,subgrid,1.0,1.5e-25,down,758.49,765.51,-7.03,12.2
4,subgrid,1.0,1.0e-25,down,792.47,799.77,-7.30,15.9
4,subgrid,1.0,5.0e-26,down,908.49,926.06,-17.57,38.6
4,subgrid,1.0,2.5e-26,down,1433.46,1440.72,-7.25,28.6
4,subgrid,1.0,5.0e-26,up,1407.11,1412.37,-5.26,9.9
4,subgrid,1.0,1.0e-25,up,1372.12,1376.33,-4.21,15.3
4,subgrid,1.0,1.5e-25,up,1343.04,1346.09,-3.05,17.9
4,subgrid,1.0,2.0e-25,up,1307.92,1307.79,0.13,25.2
4,subgrid,1.0,2.5e-25,up,730.95,732.11,-1.16,89.7
4,subgrid,1.0,3.0e-25,up,720.95,721.90,-0.95,10.3
