momentum,nu_h,grid_reynolds,grid_reynolds_measured_u,rpe_change_17h,drpe_dt_17h_W_m2,variance_change_17h,mixed_fraction,overshoot,rpe_smallest_step,grid_noise_u_m_s,u_max_17h,front_speed_m_s,status,iterations,wall_time_s
centred momentum,0.01,24761.361028828767,43901.895000000004,7.034540926943707e-05,0.004068045981625413,-0.2668864262148598,0.48203125,0.00031421215433222784,1.2966796045683407e-07,0.014582926276404553,0.8780379,0.4519673783372417,completed,2284,21.6
centred momentum,0.1,2476.1361028828765,4409.9974999999995,7.014753122138344e-05,0.00405558644539653,-0.2664929279032827,0.48203125,0.00031292809174298823,1.296929961808592e-07,0.01445232295632683,0.8819995,0.4519673783372417,completed,2283,0.77
centred momentum,1.0,247.61361028828767,435.54445000000004,6.832936475145509e-05,0.003938024124268665,-0.263006739905684,0.47734375,0.0003192697706420703,1.3249048170412424e-07,0.013711787378187184,0.8710889,0.45297009338105265,completed,2269,0.71
centred momentum,10.0,24.761361028828766,42.04556,5.907007824159925e-05,0.003317297739900683,-0.24410356019632345,0.4421875,0.00023937506197747535,1.2080996215196266e-07,0.0122395284604535,0.8409112,0.4583693282323422,completed,2152,0.69
centred momentum,100.0,2.4761361028828768,3.807788,2.1121229115280692e-05,0.0010926423977788483,-0.14010744403469688,0.27734375,0.0002256579663607525,5.994626057916167e-08,0.005454919586770508,0.7615576,0.4840542597391916,completed,1355,0.54
centred momentum,200.0,1.2380680514414384,1.7397464999999999,1.0794548972015858e-05,0.00047100440978701554,-0.09217442580443826,0.209375,0.0002216386360855312,2.7979187925891286e-08,0.0029367080802954583,0.6958986,0.48454276194002266,completed,1043,0.49
WENO momentum,0.01,24761.361028828767,37619.395,3.5428576846405095e-05,0.0018900679496780602,-0.18558975061188038,0.359375,0.00021106506218142193,7.617454833308338e-08,0.010361948150961012,0.7523879,0.479297790941627,completed,1907,21.26
WENO momentum,0.1,2476.1361028828765,3776.7264999999998,3.538425431241591e-05,0.001882406056982325,-0.18546615682803505,0.359375,0.00021114885300709864,7.622057263263734e-08,0.010396302664647349,0.7553453,0.479297790941627,completed,1903,1.52
WENO momentum,1.0,247.61361028828767,377.48055000000005,3.501651382759522e-05,0.0018609633769851536,-0.184445158876911,0.35703125,0.00021279758389387924,7.5078738234674e-08,0.010385540616965623,0.7549611,0.479297790941627,completed,1894,0.97
WENO momentum,10.0,24.761361028828766,37.558915,3.163583663125965e-05,0.0016731780318055202,-0.1747732931447793,0.33671875,0.0002200798735983118,7.842579712762466e-08,0.009960967743720047,0.7511783,0.48287157020033744,completed,1817,0.84
WENO momentum,100.0,2.4761361028828768,3.546281,1.4850198415498273e-05,0.0007069616748288788,-0.11289918841144923,0.246875,0.00022747618654426693,3.889614838917255e-08,0.005041844985600175,0.7092562,0.4895306265169282,completed,1306,0.7
WENO momentum,200.0,1.2380680514414384,1.69999775,9.998691894129141e-06,0.0004381021137179895,-0.08716026408383902,0.20546875,0.00021705520326194145,1.4240864373094805e-08,0.0028458586789684966,0.6799991,0.48680529844913417,completed,1019,0.64
