time_s,rpe_J_per_m,rpe_change,variance_change,front_right_m,front_left_m
0.0,125097120000.0,0.0,0.0,31750.0,32250.0
600.0,125097160994.76219,3.2770348503444734e-07,-0.004204475005260697,31750.0,32250.0
1200.0,125097227139.58923,8.564512854764237e-07,-0.008795989572666918,32250.0,31750.0
1800.0,125097241796.35153,9.736143528482703e-07,-0.011171171539774092,32250.0,31750.0
2400.0,125097276377.7276,1.2500505815009782e-06,-0.013705709705367448,32750.0,31250.0
3000.0,125097298804.5053,1.429325513607346e-06,-0.0157431632209077,32750.0,31250.0
3600.0,125097312816.74449,1.5413363992038918e-06,-0.017386143020704167,33250.0,30750.0
4200.0,125097340070.83194,1.759199827619511e-06,-0.019282847886301135,33750.0,30250.0
4800.0,125097349600.04855,1.8353743759525942e-06,-0.020724644127034297,33750.0,30250.0
5400.0,125097373802.82664,2.0288462807528858e-06,-0.02247670402366168,34250.0,29750.0
6000.0,125097386587.4258,2.1310436706816974e-06,-0.024039319975993567,34250.0,29750.0
6600.0,125097406292.73967,2.2885637948323655e-06,-0.025653000474921105,34750.0,29250.0
7200.0,125097427983.26833,2.4619533073647553e-06,-0.0273998998787809,34750.0,29250.0
7800.0,125097440502.35135,2.5620282173472657e-06,-0.02892612052793504,35250.0,28750.0
8400.0,125097467745.96817,2.779807945779775e-06,-0.030802310136448446,35750.0,28250.0
9000.0,125097477746.77835,2.859752313649028e-06,-0.03233703312804645,35750.0,28250.0
9600.0,125097506247.96133,3.087584760818063e-06,-0.034265559271861014,36250.0,27750.0
10200.0,125097519755.83658,3.1955638673245964e-06,-0.035930860236906635,36250.0,27750.0
10800.0,125097545343.74376,3.4001082020046127e-06,-0.03777816449539544,36750.0,27250.0
11400.0,125097564262.44225,3.5513402886132263e-06,-0.03959414511904517,36750.0,27250.0
12000.0,125097583250.21072,3.703124506174698e-06,-0.04131999656213215,37250.0,26750.0
12600.0,125097611083.11867,3.925614903585331e-06,-0.0432892220767782,37750.0,26250.0
13200.0,125097623851.18513,4.027680134721629e-06,-0.04493320796933922,37750.0,26250.0
13800.0,125097655676.93039,4.28208843168735e-06,-0.04697511779744232,38250.0,25750.0
14400.0,125097667594.5184,4.377355117384794e-06,-0.04861714320974551,38250.0,25750.0
15000.0,125097698332.2898,4.6230663807042235e-06,-0.050605685432937184,38750.0,25250.0
15600.0,125097716713.37607,4.770000908638946e-06,-0.052393849035686106,38750.0,25250.0
16200.0,125097741551.49649,4.968551606067978e-06,-0.05419338779291082,39250.0,24750.0
16800.0,125097770161.02293,5.197250128012219e-06,-0.05616974222191643,39750.0,24250.0
17400.0,125097787739.08405,5.337765442125367e-06,-0.05780975455887667,39750.0,24250.0
18000.0,125097822554.72693,5.616074350302476e-06,-0.0598867184611697,40250.0,23750.0
18600.0,125097838817.33453,5.746074206454085e-06,-0.061516227274932854,40250.0,23750.0
19200.0,125097875141.18333,6.036439394722681e-06,-0.06350389782831443,40750.0,23250.0
19800.0,125097897052.56389,6.211594350761631e-06,-0.06527488751206062,40750.0,23250.0
20400.0,125097928633.71306,6.464047398201267e-06,-0.06706111913138862,41250.0,22750.0
21000.0,125097961567.24635,6.727311119178039e-06,-0.06900699647764073,41750.0,22250.0
21600.0,125097985496.8661,6.918599453801383e-06,-0.07063098672935916,41750.0,22250.0
22200.0,125098025194.17744,7.235931390302654e-06,-0.07268745094816548,42250.0,21750.0
22800.0,125098046293.96376,7.404598633129012e-06,-0.07427824117390758,42250.0,21750.0
23400.0,125098086209.52678,7.723675227528618e-06,-0.07624580451928185,42750.0,21250.0
24000.0,125098116583.37178,7.96647734000907e-06,-0.07798594052472081,42750.0,21250.0
24600.0,125098150039.43242,8.233918034394583e-06,-0.07972689996770706,43250.0,20750.0
25200.0,125098191454.1493,8.56497854872479e-06,-0.08170157405284975,43750.0,20250.0
25800.0,125098220898.21158,8.800348174109597e-06,-0.08324652964003494,43750.0,20250.0
26400.0,125098263669.9549,9.142256471572004e-06,-0.08530984985130075,44250.0,19750.0
27000.0,125098296317.12735,9.403231084375511e-06,-0.08689936648149145,44250.0,19750.0
27600.0,125098336513.80473,9.724554847731718e-06,-0.088806050200536,44750.0,19250.0
28200.0,125098375423.51639,1.0035590878414622e-05,-0.09058507764900561,44750.0,19250.0
28800.0,125098413576.23668,1.0340575679752477e-05,-0.09224847653141398,45250.0,18750.0
29400.0,125098456998.7425,1.0687686035399343e-05,-0.09423946293976779,45750.0,18250.0
30000.0,125098492862.59299,1.0974374094200255e-05,-0.09578397838753129,45750.0,18250.0
30600.0,125098537045.27382,1.1327561128657237e-05,-0.09778275975069964,46250.0,17750.0
31200.0,125098576611.20992,1.1643842879157898e-05,-0.09938542884796171,46250.0,17750.0
31800.0,125098619189.53998,1.1984205071851592e-05,-0.10124073275538555,46750.0,17250.0
32400.0,125098666152.17102,1.2359614442127108e-05,-0.10305760154064438,46750.0,17250.0
33000.0,125098705989.88554,1.2678068732068518e-05,-0.10467776078257217,47250.0,16750.0
33600.0,125098756765.25623,1.308395633908747e-05,-0.10666476993769029,47750.0,16250.0
34200.0,125098798370.09863,1.3416536676726151e-05,-0.10820039004539311,47750.0,16250.0
34800.0,125098846130.25633,1.3798321306936543e-05,-0.11018212903133635,48250.0,15750.0
35400.0,125098891773.68735,1.4163185270351645e-05,-0.11181469676763123,48250.0,15750.0
36000.0,125098940564.9736,1.455321252481508e-05,-0.11359997333990146,48750.0,15250.0
36600.0,125098993256.50887,1.4974417547465173e-05,-0.11545118856462273,48750.0,15250.0
37200.0,125099041267.89903,1.5358210477048494e-05,-0.11702398094114436,49250.0,14750.0
37800.0,125099096381.83806,1.5798779684604023e-05,-0.11902599168746764,49750.0,14250.0
38400.0,125099143931.30621,1.6178880107019083e-05,-0.12054364991246588,49750.0,14250.0
39000.0,125099198563.18538,1.6615595829696385e-05,-0.12249361237170399,50250.0,13750.0
39600.0,125099247912.22528,1.7010081649207924e-05,-0.12415654343528358,50250.0,13750.0
40200.0,125099300563.18282,1.743096230205421e-05,-0.1258820070546763,50750.0,13250.0
40800.0,125099356210.27783,1.7875793446180307e-05,-0.12777667622879918,51250.0,12750.0
41400.0,125099407398.76984,1.8284983457943923e-05,-0.12929978243743934,51250.0,12750.0
42000.0,125099466142.63878,1.875456955986426e-05,-0.13130140307036967,51750.0,12250.0
42600.0,125099515975.02971,1.915291918558047e-05,-0.13281657830153693,51750.0,12250.0
43200.0,125099574964.34021,1.9624467295569722e-05,-0.13469885103187884,52250.0,11750.0
43800.0,125099630515.06024,2.0068528038388888e-05,-0.1364227333047202,52250.0,11750.0
44400.0,125099686437.12692,2.0515557248021438e-05,-0.13805526453820222,52750.0,11250.0
45000.0,125099748163.68132,2.1008986308559225e-05,-0.13998025434555067,53250.0,10750.0
45600.0,125099801975.13806,2.1439143747366233e-05,-0.14146938523213362,53250.0,10750.0
46200.0,125099866343.08768,2.1953687564326035e-05,-0.14343833317937546,53750.0,10250.0
46800.0,125099922409.67929,2.240187207579816e-05,-0.1449955273254025,53750.0,10250.0
47400.0,125099986785.70668,2.2916480464780468e-05,-0.14678270923561318,54250.0,9750.0
48000.0,125100049624.74307,2.341880247181158e-05,-0.14856675490301244,54250.0,9750.0
48600.0,125100108647.85268,2.389062076470179e-05,-0.1501166708001586,54750.0,9250.0
49200.0,125100178430.65636,2.444844978331085e-05,-0.1520619490060128,55250.0,8750.0
49800.0,125100237104.713,2.4917477820412145e-05,-0.15351897412750656,55250.0,8750.0
50400.0,125100306963.93694,2.5475917726446658e-05,-0.15543354595933648,55750.0,8250.0
51000.0,125100369376.82982,2.5974833232121774e-05,-0.15704230058095403,55750.0,8250.0
51600.0,125100435867.41087,2.6506344917240406e-05,-0.15872139808331676,56250.0,7750.0
52200.0,125100504943.9362,2.705852809563484e-05,-0.160550809375277,56750.0,7250.0
52800.0,125100565640.64233,2.7543724766277467e-05,-0.16203540172546918,56750.0,7250.0
53400.0,125100638223.05798,2.8123933292656125e-05,-0.16397348563223973,57250.0,6750.0
54000.0,125100701109.76187,2.8626636343597184e-05,-0.16544923342989892,57250.0,6750.0
54600.0,125100771950.06943,2.9192918825209488e-05,-0.16727407458290952,57750.0,6250.0
55200.0,125100838408.241,2.9724171435739803e-05,-0.16895824747221852,57750.0,6250.0
55800.0,125100904977.22235,3.025630983631817e-05,-0.17053513432358314,58250.0,5750.0
56400.0,125100978449.67065,3.0843633096064054e-05,-0.17241366108809006,58750.0,5250.0
57000.0,125101041696.39656,3.134921408710823e-05,-0.1738650717593814,58750.0,5250.0
57600.0,125101117952.59175,3.1958790032505136e-05,-0.1757670951375611,59250.0,4750.0
58200.0,125101187628.12437,3.251576154890208e-05,-0.1773043253809666,59250.0,4750.0
58800.0,125101259638.97278,3.309140108723782e-05,-0.17902353809725696,59750.0,4250.0
59400.0,125101333892.9731,3.368497190901561e-05,-0.1807651632186883,59750.0,4250.0
60000.0,125101401985.27667,3.422928742622023e-05,-0.18225765655863013,60250.0,3750.0
60600.0,125101481464.996,3.4864631543893235e-05,-0.18416090248803396,60750.0,3250.0
61200.0,125101552012.92918,3.5428576846405095e-05,-0.18558975061188038,60750.0,3250.0
