kind,target_cfl,run,status,time_stepping,iterations,model_hours,max_measured_cfl,median_dt_s,overshoot,undershoot,max_speed_m_s,wall_time_s,rpe_change_17h,rpe_smallest_step,variance_change_17h,front_speed_m_s
adaptive,0.2,step2_baseline_weno,completed,"adaptive, cfl = 0.20",1907,17.0,0.256627,37.771931,0.00021106506218142193,0.00021106458089541284,0.7557252,21.26,3.5428576846405095e-05,7.617454833308338e-08,-0.18558975061188038,0.479297790941627
adaptive,0.5,step6_adaptive_cfl0p5,completed,"adaptive, cfl = 0.50",1024,17.0,0.769382,90.404371,0.00021495003812427763,0.0002149497126654434,0.75565,1.08,3.49101078461235e-05,7.456817300936895e-08,-0.18434465260874358,0.479297790941627
fixed,0.2,step6_fixed_cfl0p2,completed,"fixed, dt = 27.3661 s",2244,17.0,0.201081,27.366112,0.00021243185423034145,0.00021243092689704382,0.7558179,21.6,3.5526605134250866e-05,7.745902434562412e-08,-0.18581374635303372,0.479297790941627
fixed,0.5,step6_fixed_cfl0p5,completed,"fixed, dt = 68.4153 s",918,17.0,0.505355,68.415281,0.00021095222283374767,0.00021095116966401628,0.75541,0.62,3.532370123388132e-05,7.50295768461455e-08,-0.185348440103643,0.479297790941627
fixed,1.0,step6_fixed_cfl1p0,completed,"fixed, dt = 136.8306 s",510,17.0,1.038162,136.830562,0.00022507920795105372,0.00022507882775453617,0.7546534,0.5,3.651550537522394e-05,7.043304367636959e-08,-0.18728131233203466,0.479297790941627
fixed,1.5,step6_fixed_cfl1p5,completed,"fixed, dt = 205.2458 s",306,17.0,1.665893,205.245843,0.0746678073427114,0.0746023706677268,0.7724926,0.41,3.408661088809345e-05,-2.573521204504011e-08,-0.18212209224864495,0.4777037311283894
fixed,2.0,step6_fixed_cfl2p0,"blew up: out of range at t = 35347.3 s (b in [-1.323e-02, 1.012e-01], max|u| = 0.82 m/s)","fixed, dt = 273.6611 s",176,9.818700624387654,2.36684,273.661124,1.062774612422018,0.8171174037861366,0.863789,0.27,,,,
fixed,2.5,step6_fixed_cfl2p5,"blew up: out of range at t = 5142.1 s (b in [-6.661e-02, 1.157e-01], max|u| = 0.85 m/s)","fixed, dt = 342.0764 s",17,1.4283545569089495,3.523589,342.076405,1.3580784643608563,1.358062721772477,0.9196529,0.04,,,,
fixed,3.0,step6_fixed_cfl3p0,"blew up: out of range at t = 5210.5 s (b in [-1.382e-01, 1.872e-01], max|u| = 0.91 m/s)","fixed, dt = 410.4917 s",17,1.4473588016240728,4.574898,410.491686,2.8168742096676858,2.8169533653394496,1.239478,0.04,,,,
fixed,4.0,step6_fixed_cfl4p0,"blew up: out of range at t = 3547.3 s (b in [-8.681e-02, 1.359e-01], max|u| = 1.18 m/s)","fixed, dt = 547.3222 s",11,0.9853672910543194,7.346501,547.322248,1.769836465626911,1.76983519326422,1.184458,0.03,,,,
"fixed, NaN check only",2.0,step6_fixed_cfl2p0_nan_only,completed,"fixed, dt = 273.6611 s",306,17.0,2.607264,273.661124,3.270598457840978,1.9270509168619776,1.584776,0.43,3.058764349340785e-05,-5.750005774829595e-06,-0.17515628971541558,0.48014624213254375
"fixed, NaN check only",2.5,step6_fixed_cfl2p5_nan_only,"blew up: out of range at t = 8742.1 s (b in [-9.578e-01, 1.006e+00], max|u| = 38.68 m/s)","fixed, dt = 342.0764 s",29,2.4283545569089497,60.048531,342.076405,19.517974547135573,19.52763158635066,38.68228,0.06,,,,
