scheme,dx_m,dz_m,Nx,Nz,grid_reynolds,rpe_change_17h,drpe_dt_17h_W_m2,rpe_smallest_step,variance_change_17h,overshoot,undershoot,mixed_fraction,outside_fraction,front_speed_m_s,status,iterations,wall_time_s
"WENO, 5th order",2000,4.0,32,5,99045.44411531507,5.125619455501467e-05,0.004719948366785761,-8.075169980957053e-08,-0.2382150098433578,3.642097370026627e-05,3.642096686346585e-05,0.6125,0.0,0.4812003784606527,completed,705,4.6
"WENO, 5th order",1000,2.0,64,10,49522.722057657535,4.391585128105781e-05,0.0020828789119950735,3.2390731280432167e-08,-0.18689068328111974,0.00012986324505597128,0.0001298629489801631,0.409375,0.0,0.4827944382738907,completed,905,4.54
"WENO, 5th order",500,1.0,128,20,24761.361028828767,3.5428576846405095e-05,0.0018900679496780602,7.617454833308338e-08,-0.18558975061188038,0.00021106506218142193,0.00021106458089541284,0.359375,0.0,0.479297790941627,completed,1907,21.26
"WENO, 5th order",250,0.5,256,40,12380.680514414384,3.3239415673715336e-05,0.0018551227407141587,7.097685784884607e-08,-0.1846017527801338,0.0002875760358817462,0.00028757496425056066,0.3400390625,0.0,0.481380352955696,completed,6151,28.02
"WENO, 5th order",125,0.25,512,80,6190.340257207192,3.2053360621468654e-05,0.0018273218487892518,3.5870586044154634e-08,-0.18249580836237494,0.0003181791547400305,0.00031817741680224257,0.336083984375,0.0,0.48342434900654113,completed,23257,123.12
"centred, 2nd order",2000,4.0,32,5,99045.44411531507,-0.00020137691267297606,-0.0017870245884681962,-1.0371415235473675e-05,0.12614610591361727,0.8136694965975534,0.813669713601427,0.425,0.2375,0.5027973178658112,completed,705,1.17
"centred, 2nd order",1000,2.0,64,10,49522.722057657535,-0.00012188631513120308,-0.00385813726672842,-3.7727566068441294e-06,0.0879182070047396,1.712188262454638,1.7121884308026503,0.4625,0.234375,0.522285984614752,completed,846,1.21
"centred, 2nd order",500,1.0,128,20,24761.361028828767,-9.485366546617218e-05,-0.004132188389901057,-3.951639220963146e-06,0.0075025892377397875,2.73786173648318,2.7378616949215084,0.42578125,0.1765625,0.5125416512402814,completed,1647,0.64
"centred, 2nd order",250,0.5,256,40,12380.680514414384,-9.080340633499892e-05,-0.0014559432046281707,-3.347832078349343e-06,-0.010254629981009166,3.625050957798165,3.625052320085627,0.4123046875,0.2123046875,0.5209747418651532,completed,4838,4.62
"centred, 2nd order",125,0.25,512,80,6190.340257207192,-9.132777672864955e-05,-0.0019040214075670657,-2.682805142911476e-06,-0.015769595121805396,5.845882372234455,5.845883492256881,0.4219482421875,0.236083984375,0.5218874696614425,completed,17412,52.34
