run,tracer_scheme,momentum_scheme,dx_m,dz_m,nu_h_m2_s,grid_reynolds,time_stepping,max_cfl,status,overshoot,total_b_drift,uniform_tracer_deviation,iterations,wall_time_s,rpe_change_17h,drpe_dt_17h_W_m2,rpe_smallest_step,rpe_valid,variance_change_17h,front_speed_m_s
step2_baseline_weno,WENO(order=5),WENO(order=5),500.0,1.0,0.01,24761.361028828767,"adaptive, cfl = 0.20",0.256627,completed,0.00021106506218142193,1.825330683838628e-08,2.22e-16,1907,21.26,3.5428576846405095e-05,0.0018900679496780602,7.617454833308338e-08,True,-0.18558975061188038,0.479297790941627
step3_tracer_centered2,Centered(order=2),WENO(order=5),500.0,1.0,0.01,24761.361028828767,"adaptive, cfl = 0.20",0.243925,"blew up: out of range at t = 3539.7 s (b in [-4.941e-02, 9.846e-02], max|u| = 0.84 m/s)",1.007277828814475,1.825331993381203e-08,2.22e-16,370,20.7,,,,,,
step3_tracer_centered2_wide_limit,Centered(order=2),WENO(order=5),500.0,1.0,0.01,24761.361028828767,"adaptive, cfl = 0.20",0.299404,completed,2.73786173648318,1.825331993381203e-08,3.331e-16,1647,0.64,-9.485366546617218e-05,-0.004132188389901057,-3.951639220963146e-06,False,0.0075025892377397875,0.5125416512402814
step3_tracer_upwind3,UpwindBiased(order=3),WENO(order=5),500.0,1.0,0.01,24761.361028828767,"adaptive, cfl = 0.20",0.25461,completed,0.3789358175681957,1.8253315761817984e-08,3.331e-16,1897,1.72,1.5768871210987974e-05,0.0013366575914111505,-1.5319289906106348e-06,False,-0.15235366952224128,0.4881165411987331
step4_centered2_dx1000,Centered(order=2),WENO(order=5),1000.0,2.0,0.01,49522.722057657535,"adaptive, cfl = 0.20",0.343138,completed,1.7121884308026503,1.9127115461987367e-08,1.11e-16,846,1.21,-0.00012188631513120308,-0.00385813726672842,-3.7727566068441294e-06,False,0.0879182070047396,0.522285984614752
step4_centered2_dx125,Centered(order=2),WENO(order=5),125.0,0.25,0.01,6190.340257207192,"adaptive, cfl = 0.20",0.239802,completed,5.845883492256881,2.2030578791987878e-08,2.998e-15,17412,52.34,-9.132777672864955e-05,-0.0019040214075670657,-2.682805142911476e-06,False,-0.015769595121805396,0.5218874696614425
step4_centered2_dx2000,Centered(order=2),WENO(order=5),2000.0,4.0,0.01,99045.44411531507,"adaptive, cfl = 0.20",0.279431,completed,0.813669713601427,2.0885355185470426e-08,0.0,705,1.17,-0.00020137691267297606,-0.0017870245884681962,-1.0371415235473675e-05,False,0.12614610591361727,0.5027973178658112
step4_centered2_dx250,Centered(order=2),WENO(order=5),250.0,0.5,0.01,12380.680514414384,"adaptive, cfl = 0.20",0.260349,completed,3.625052320085627,1.7817636973270146e-08,6.661e-16,4838,4.62,-9.080340633499892e-05,-0.0014559432046281707,-3.347832078349343e-06,False,-0.010254629981009166,0.5209747418651532
step4_weno5_dx1000,WENO(order=5),WENO(order=5),1000.0,2.0,0.01,49522.722057657535,"adaptive, cfl = 0.20",0.282913,completed,0.00012986324505597128,1.9127108740441406e-08,1.11e-16,905,4.54,4.391585128105781e-05,0.0020828789119950735,3.2390731280432167e-08,True,-0.18689068328111974,0.4827944382738907
step4_weno5_dx125,WENO(order=5),WENO(order=5),125.0,0.25,0.01,6190.340257207192,"adaptive, cfl = 0.20",0.219724,completed,0.0003181791547400305,1.760003399199403e-08,7.772e-16,23257,123.12,3.2053360621468654e-05,0.0018273218487892518,3.5870586044154634e-08,True,-0.18249580836237494,0.48342434900654113
step4_weno5_dx2000,WENO(order=5),WENO(order=5),2000.0,4.0,0.01,99045.44411531507,"adaptive, cfl = 0.20",0.33103,completed,3.642097370026627e-05,2.088535136114255e-08,0.0,705,4.6,5.125619455501467e-05,0.004719948366785761,-8.075169980957053e-08,True,-0.2382150098433578,0.4812003784606527
step4_weno5_dx250,WENO(order=5),WENO(order=5),250.0,0.5,0.01,12380.680514414384,"adaptive, cfl = 0.20",0.234663,completed,0.0002875760358817462,1.7817612173083324e-08,3.331e-16,6151,28.02,3.3239415673715336e-05,0.0018551227407141587,7.097685784884607e-08,True,-0.1846017527801338,0.481380352955696
step5_cmom_nu0p01,WENO(order=5),Centered(order=2),500.0,1.0,0.01,24761.361028828767,"adaptive, cfl = 0.20",0.248994,completed,0.00031421215433222784,1.825330683838628e-08,2.22e-16,2284,21.6,7.034540926943707e-05,0.004068045981625413,1.2966796045683407e-07,True,-0.2668864262148598,0.4519673783372417
step5_cmom_nu0p1,WENO(order=5),Centered(order=2),500.0,1.0,0.1,2476.1361028828765,"adaptive, cfl = 0.20",0.249151,completed,0.00031292809174298823,1.825330683838628e-08,3.331e-16,2283,0.77,7.014753122138344e-05,0.00405558644539653,1.296929961808592e-07,True,-0.2664929279032827,0.4519673783372417
step5_cmom_nu100p0,WENO(order=5),Centered(order=2),500.0,1.0,100.0,2.4761361028828768,"adaptive, cfl = 0.20",0.292399,completed,0.0002256579663607525,1.8253295713068826e-08,1.11e-16,1355,0.54,2.1121229115280692e-05,0.0010926423977788483,5.994626057916167e-08,True,-0.14010744403469688,0.4840542597391916
step5_cmom_nu10p0,WENO(order=5),Centered(order=2),500.0,1.0,10.0,24.761361028828766,"adaptive, cfl = 0.20",0.251724,completed,0.00023937506197747535,1.825330556361032e-08,2.22e-16,2152,0.69,5.907007824159925e-05,0.003317297739900683,1.2080996215196266e-07,True,-0.24410356019632345,0.4583693282323422
step5_cmom_nu1p0,WENO(order=5),Centered(order=2),500.0,1.0,1.0,247.61361028828767,"adaptive, cfl = 0.20",0.250717,completed,0.0003192697706420703,1.8253306606608832e-08,2.22e-16,2269,0.71,6.832936475145509e-05,0.003938024124268665,1.3249048170412424e-07,True,-0.263006739905684,0.45297009338105265
step5_cmom_nu200p0,WENO(order=5),Centered(order=2),500.0,1.0,200.0,1.2380680514414384,"adaptive, cfl = 0.20",0.334275,completed,0.00022163880629194697,1.8253284587751374e-08,1.11e-16,1043,0.49,1.0794548972015858e-05,0.00047100440978701554,2.7979187925891286e-08,True,-0.09217442580443826,0.48454276194002266
step5_wmom_nu0p1,WENO(order=5),WENO(order=5),500.0,1.0,0.1,2476.1361028828765,"adaptive, cfl = 0.20",0.255691,completed,0.00021114885300709864,1.825330683838628e-08,2.22e-16,1903,1.52,3.538425431241591e-05,0.001882406056982325,7.622057263263734e-08,True,-0.18546615682803505,0.479297790941627
step5_wmom_nu100p0,WENO(order=5),WENO(order=5),500.0,1.0,100.0,2.4761361028828768,"adaptive, cfl = 0.20",0.290978,completed,0.00022747618654426693,1.8253295713068826e-08,2.22e-16,1306,0.7,1.4850198415498273e-05,0.0007069616748288788,3.889614838917255e-08,True,-0.11289918841144923,0.4895306265169282
step5_wmom_nu10p0,WENO(order=5),WENO(order=5),500.0,1.0,10.0,24.761361028828766,"adaptive, cfl = 0.20",0.258138,completed,0.0002200798735983118,1.825330556361032e-08,2.22e-16,1817,0.84,3.163583663125965e-05,0.0016731780318055202,7.842579712762466e-08,True,-0.1747732931447793,0.48287157020033744
step5_wmom_nu1p0,WENO(order=5),WENO(order=5),500.0,1.0,1.0,247.61361028828767,"adaptive, cfl = 0.20",0.255543,completed,0.00021279758389387924,1.8253306606608832e-08,2.22e-16,1894,0.97,3.501651382759522e-05,0.0018609633769851536,7.5078738234674e-08,True,-0.184445158876911,0.479297790941627
step5_wmom_nu200p0,WENO(order=5),WENO(order=5),500.0,1.0,200.0,1.2380680514414384,"adaptive, cfl = 0.20",0.338108,completed,0.00021705544132619774,1.8253284935417542e-08,1.11e-16,1019,0.64,9.998691894129141e-06,0.0004381021137179895,1.4240864373094805e-08,True,-0.08716026408383902,0.48680529844913417
step6_adaptive_cfl0p5,WENO(order=5),WENO(order=5),500.0,1.0,0.01,24761.361028828767,"adaptive, cfl = 0.50",0.769382,completed,0.00021495003812427763,1.9674955065547613e-08,8.882e-16,1024,1.08,3.49101078461235e-05,0.0018401291473027822,7.456817300936895e-08,True,-0.18434465260874358,0.479297790941627
step6_fixed_cfl0p2,WENO(order=5),WENO(order=5),500.0,1.0,0.01,24761.361028828767,"fixed, dt = 27.3661 s",0.201081,completed,0.00021243185423034145,1.2828333997744768e-08,1.11e-16,2244,21.6,3.5526605134250866e-05,0.001890105192055496,7.745902434562412e-08,True,-0.18581374635303372,0.479297790941627
step6_fixed_cfl0p5,WENO(order=5),WENO(order=5),500.0,1.0,0.01,24761.361028828767,"fixed, dt = 68.4153 s",0.505355,completed,0.00021095222283374767,1.3076427997500368e-08,4.441e-16,918,0.62,3.532370123388132e-05,0.0018778571800974462,7.50295768461455e-08,True,-0.185348440103643,0.479297790941627
step6_fixed_cfl1p0,WENO(order=5),WENO(order=5),500.0,1.0,0.01,24761.361028828767,"fixed, dt = 136.8306 s",1.038162,completed,0.00022507920795105372,1.3112816245448098e-08,2.887e-15,510,0.5,3.651550537522394e-05,0.0019287908528679263,7.043304367636959e-08,True,-0.18728131233203466,0.479297790941627
step6_fixed_cfl1p5,WENO(order=5),WENO(order=5),500.0,1.0,0.01,24761.361028828767,"fixed, dt = 205.2458 s",1.665893,completed,0.0746678073427114,1.3119581713235406e-08,6.894e-14,306,0.41,3.408661088809345e-05,0.0017857623687288866,-2.573521204504011e-08,True,-0.18212209224864495,0.4777037311283894
step6_fixed_cfl2p0,WENO(order=5),WENO(order=5),500.0,1.0,0.01,24761.361028828767,"fixed, dt = 273.6611 s",2.36684,"blew up: out of range at t = 35347.3 s (b in [-1.323e-02, 1.012e-01], max|u| = 0.82 m/s)",1.062774612422018,1.312195175351904e-08,2.081e-10,176,0.27,,,,,,
step6_fixed_cfl2p0_nan_only,WENO(order=5),WENO(order=5),500.0,1.0,0.01,24761.361028828767,"fixed, dt = 273.6611 s",2.607264,completed,3.270598457840978,1.312195175351904e-08,1.263e-07,306,0.43,3.058764349340785e-05,0.0025020914906966497,-5.750005774829595e-06,False,-0.17515628971541558,0.48014624213254375
step6_fixed_cfl2p5,WENO(order=5),WENO(order=5),500.0,1.0,0.01,24761.361028828767,"fixed, dt = 342.0764 s",3.523589,"blew up: out of range at t = 5142.1 s (b in [-6.661e-02, 1.157e-01], max|u| = 0.85 m/s)",1.3580784643608563,1.3127586610920201e-08,7.272e-14,17,0.04,,,,,,
step6_fixed_cfl2p5_nan_only,WENO(order=5),WENO(order=5),500.0,1.0,0.01,24761.361028828767,"fixed, dt = 342.0764 s",60.048531,"blew up: out of range at t = 8742.1 s (b in [-9.578e-01, 1.006e+00], max|u| = 38.68 m/s)",19.52763158635066,1.3127586610920201e-08,1.096e-11,29,0.06,,,,,,
step6_fixed_cfl3p0,WENO(order=5),WENO(order=5),500.0,1.0,0.01,24761.361028828767,"fixed, dt = 410.4917 s",4.574898,"blew up: out of range at t = 5210.5 s (b in [-1.382e-01, 1.872e-01], max|u| = 0.91 m/s)",2.8169533653394496,1.3127932886425922e-08,1.352e-13,17,0.04,,,,,,
step6_fixed_cfl4p0,WENO(order=5),WENO(order=5),500.0,1.0,0.01,24761.361028828767,"fixed, dt = 547.3222 s",7.346501,"blew up: out of range at t = 3547.3 s (b in [-8.681e-02, 1.359e-01], max|u| = 1.18 m/s)",1.769836465626911,1.313285549173265e-08,6.639e-14,11,0.03,,,,,,
