0.000,0.000,0.000,0.000,0.000,0.000,0.000,0.000,0.000,0.000,0.000,0.000,0.000,0.000,0.000,0.000,0.000,0.000,0.000,0.000,0.000,0.000,0.000,0.000,0.000,0.000,0.000,0.000,0.000,0.000,0.000,0.000,0.000,0.000,0.000,0.000,0.000,0.000,0.000,0.000,0.000,0.000,0.000,0.000,0.000,0.000,0.000,0.000,0.000,0.000,0.000,0.000,0.000,0.000,0.000,0.000,0.000,0.000,0.000,0.000,0.000,0.000,0.000,0.000,0.000,0.000,0.000,0.000,0.000,0.000,0.000,0.000,0.000,0.000,0.000,0.000,0.000,0.000,0.000,0.000,0.000,0.000,0.000,0.000,0.000,0.000,0.000,0.000,0.000,0.000,0.000,0.000,0.000,0.000,0.000,0.000,0.000,0.000,0.000,0.000,0.000,0.000,0.000,0.000,0.000,0.000,0.000,0.000,0.000,0.000,0.000,0.000,0.000,0.000,0.000,0.000,0.000,0.000,0.000,0.000,0.000
0.000,0.000,0.000,0.000,0.000,0.000,0.000,0.000,0.000,0.000,0.000,0.000,0.000,0.000,0.000,0.000,0.000,0.000,0.000,0.000,0.000,0.000,0.000,0.000,0.000,0.000,0.000,0.000,0.000,0.000,0.000,0.000,0.000,0.000,0.000,0.000,0.000,0.000,0.000,0.000,0.000,0.000,0.000,0.000,0.000,0.000,0.000,0.000,0.000,0.000,0.000,0.000,0.000,0.000,0.000,0.000,0.000,0.000,0.000,0.000,0.000,0.000,0.000,0.000,0.000,0.000,0.000,0.000,0.000,0.000,0.000,0.000,0.000,0.000,0.000,0.000,0.000,0.000,0.000,0.000,0.000,0.000,0.000,0.000,0.000,0.000,0.000,0.000,0.000,0.000,0.000,0.000,0.000,0.000,0.000,0.000,0.000,0.000,0.000,0.000,0.000,0.000,0.000,0.000,0.000,0.000,0.000,0.000,0.000,0.000,0.000,0.000,0.000,0.000,0.000,0.000,0.000,0.000,0.000,0.000,0.000
0.000,0.000,0.000,0.000,0.000,0.000,0.000,0.000,0.000,0.000,0.000,0.000,0.000,0.000,0.000,0.000,0.000,0.000,0.000,0.000,0.000,0.000,0.000,0.000,0.000,0.000,0.000,0.000,0.000,0.000,0.000,0.000,0.000,0.000,0.000,0.000,0.000,0.000,0.000,0.000,0.000,0.000,0.000,0.000,0.000,0.000,0.000,0.000,0.000,0.000,0.000,0.000,0.000,0.000,0.000,0.000,0.000,0.000,0.000,-92.107,-96.481,-100.406,-103.297,-105.106,-106.763,-108.713,-110.649,-111.962,-112.955,-113.918,-115.171,-116.171,-117.065,-117.540,-118.540,-119.648,-121.624,-122.861,-124.862,-125.788,-128.792,0.000,0.000,0.000,0.000,0.000,0.000,0.000,0.000,0.000,0.000,0.000,0.000,0.000,0.000,0.000,0.000,0.000,0.000,0.000,0.000,0.000,0.000,0.000,0.000,0.000,0.000,0.000,0.000,0.000,0.000,0.000,0.000,0.000,0.000,0.000,0.000,0.000,0.000,0.000,0.000
0.000,0.000,0.000,0.000,0.000,0.000,0.000,0.000,0.000,0.000,0.000,0.000,0.000,0.000,0.000,0.000,0.000,0.000,0.000,0.000,0.000,0.000,0.000,0.000,0.000,0.000,0.000,0.000,0.000,0.000,0.000,0.000,0.000,0.000,0.000,0.000,0.000,0.000,0.000,0.000,0.000,0.000,0.000,0.000,0.000,0.000,0.000,0.000,0.000,0.000,0.000,0.000,0.000,0.000,0.000,0.000,0.000,0.000,0.000,0.000,0.000,0.000,-152.764,-153.653,-154.215,-154.847,-155.679,-156.393,-156.690,-156.787,-157.054,-157.442,-157.713,-157.978,-158.344,-158.793,-159.253,-159.444,-159.714,-159.670,-158.787,0.000,0.000,0.000,0.000,0.000,0.000,0.000,0.000,0.000,0.000,0.000,0.000,0.000,0.000,0.000,0.000,0.000,0.000,0.000,0.000,0.000,0.000,0.000,0.000,0.000,0.000,0.000,0.000,0.000,0.000,0.000,0.000,0.000,0.000,0.000,0.000,0.000,0.000,0.000,0.000
0.000,0.000,0.000,0.000,0.000,0.000,0.000,0.000,0.000,0.000,0.000,0.000,0.000,0.000,0.000,0.000,0.000,0.000,0.000,0.000,0.000,0.000,0.000,0.000,0.000,0.000,0.000,0.000,0.000,0.000,0.000,0.000,0.000,0.000,0.000,0.000,0.000,0.000,0.000,0.000,0.000,0.000,0.000,0.000,0.000,0.000,0.000,0.000,0.000,0.000,-202.590,-195.243,-190.687,-186.923,-183.978,-181.983,-179.491,-178.874,-178.271,-177.021,-176.103,-175.541,-175.188,-174.904,-174.590,-174.109,-173.645,-173.241,-172.924,-172.508,-172.087,-171.662,-171.408,-171.086,-170.814,-170.353,-170.064,-169.592,-169.300,-168.523,-167.369,0.000,0.000,0.000,0.000,0.000,0.000,0.000,0.000,0.000,0.000,0.000,0.000,0.000,0.000,0.000,0.000,0.000,0.000,0.000,0.000,0.000,0.000,0.000,0.000,0.000,0.000,0.000,0.000,0.000,0.000,0.000,0.000,0.000,0.000,0.000,0.000,0.000,0.000,0.000,0.000
0.000,0.000,0.000,0.000,0.000,0.000,0.000,0.000,0.000,0.000,0.000,0.000,0.000,0.000,0.000,0.000,0.000,0.000,0.000,0.000,0.000,0.000,0.000,0.000,0.000,0.000,0.000,0.000,0.000,0.000,0.000,0.000,0.000,0.000,0.000,0.000,0.000,0.000,0.000,0.000,0.000,-417.586,-397.685,-380.939,-362.672,-343.663,-324.273,-304.960,-287.402,-272.186,-257.828,-244.152,-232.834,-223.507,-215.830,-209.609,-204.546,-200.576,-197.285,-194.597,-192.539,-190.833,-189.420,-188.098,-187.008,-185.993,-185.146,-184.212,-183.426,-182.571,-181.935,-181.132,-180.537,-179.708,-179.223,-178.426,-178.000,-177.031,-176.436,-174.854,-173.768,0.000,0.000,0.000,0.000,0.000,0.000,0.000,0.000,0.000,0.000,0.000,0.000,0.000,0.000,0.000,0.000,0.000,0.000,0.000,0.000,0.000,0.000,0.000,0.000,0.000,0.000,0.000,0.000,0.000,0.000,0.000,0.000,0.000,0.000,0.000,0.000,0.000,0.000,0.000,0.000
0.000,0.000,0.000,0.000,0.000,0.000,0.000,0.000,0.000,0.000,0.000,0.000,0.000,0.000,0.000,0.000,0.000,0.000,0.000,0.000,0.000,0.000,0.000,0.000,0.000,0.000,0.000,0.000,0.000,0.000,0.000,0.000,0.000,0.000,0.000,0.000,0.000,-546.774,-513.927,-485.879,-461.809,-440.220,-420.021,-401.021,-382.864,-365.499,-349.130,-333.856,-319.604,-305.236,-289.303,-273.365,-259.131,-246.851,-236.573,-228.157,-221.171,-215.671,-211.097,-207.238,-204.139,-201.506,-199.340,-197.402,-195.757,-194.173,-192.852,-191.517,-190.409,-189.177,-188.214,-187.073,-186.275,-185.161,-184.432,-183.232,-182.516,-181.160,-180.397,-178.621,-177.605,0.000,0.000,0.000,0.000,0.000,0.000,0.000,0.000,0.000,0.000,0.000,0.000,0.000,0.000,0.000,0.000,0.000,0.000,0.000,0.000,0.000,0.000,0.000,0.000,0.000,0.000,0.000,0.000,0.000,0.000,0.000,0.000,0.000,0.000,0.000,0.000,0.000,0.000,0.000,0.000
0.000,0.000,0.000,0.000,0.000,0.000,0.000,0.000,0.000,0.000,0.000,0.000,0.000,0.000,0.000,0.000,0.000,0.000,0.000,0.000,0.000,0.000,0.000,0.000,0.000,0.000,0.000,0.000,0.000,0.000,0.000,0.000,0.000,0.000,0.000,0.000,0.000,-563.323,-533.091,-505.794,-481.721,-460.038,-440.090,-421.398,-403.737,-386.929,-371.020,-355.734,-340.384,-324.095,-306.942,-290.310,-275.152,-261.796,-250.357,-240.832,-232.867,-226.284,-220.821,-216.173,-212.347,-209.060,-206.304,-203.824,-201.734,-199.763,-198.101,-196.431,-195.052,-193.574,-192.412,-191.042,-190.028,-188.670,-187.759,-186.342,-185.493,-183.897,-183.004,-181.004,-179.970,0.000,0.000,0.000,0.000,0.000,0.000,0.000,0.000,0.000,0.000,0.000,0.000,0.000,0.000,0.000,0.000,0.000,0.000,0.000,0.000,0.000,0.000,0.000,0.000,0.000,0.000,0.000,0.000,0.000,0.000,0.000,0.000,0.000,0.000,0.000,0.000,0.000,0.000,0.000,0.000
0.000,0.000,0.000,0.000,0.000,0.000,0.000,0.000,0.000,0.000,0.000,0.000,0.000,0.000,0.000,0.000,0.000,0.000,0.000,0.000,0.000,0.000,0.000,0.000,0.000,0.000,0.000,0.000,0.000,0.000,0.000,0.000,0.000,0.000,0.000,0.000,0.000,-565.194,-539.971,-516.190,-494.077,-473.518,-454.130,-435.694,-418.018,-400.968,-384.442,-368.118,-351.493,-334.289,-316.978,-300.404,-285.139,-271.522,-259.698,-249.594,-241.048,-233.796,-227.737,-222.544,-218.194,-214.425,-211.246,-208.386,-205.962,-203.687,-201.769,-199.867,-198.292,-196.619,-195.293,-193.751,-192.599,-191.081,-190.038,-188.453,-187.478,-185.724,-184.755,-182.649,-181.603,0.000,0.000,0.000,0.000,0.000,0.000,0.000,0.000,0.000,0.000,0.000,0.000,0.000,0.000,0.000,0.000,0.000,0.000,0.000,0.000,0.000,0.000,0.000,0.000,0.000,0.000,0.000,0.000,0.000,0.000,0.000,0.000,0.000,0.000,0.000,0.000,0.000,0.000,0.000,0.000
0.000,0.000,0.000,0.000,0.000,0.000,0.000,0.000,0.000,0.000,0.000,0.000,0.000,0.000,0.000,0.000,0.000,0.000,0.000,0.000,0.000,0.000,0.000,0.000,0.000,0.000,0.000,0.000,0.000,0.000,0.000,0.000,0.000,0.000,0.000,0.000,0.000,-564.825,-543.173,-522.144,-501.727,-481.989,-462.915,-444.430,-426.487,-408.977,-391.767,-374.606,-357.229,-339.662,-322.366,-305.930,-290.777,-277.171,-265.216,-254.876,-246.044,-238.428,-232.024,-226.496,-221.824,-217.754,-214.305,-211.193,-208.552,-206.082,-203.997,-201.938,-200.231,-198.432,-196.999,-195.348,-194.102,-192.478,-191.350,-189.663,-188.615,-186.765,-185.749,-183.574,-182.515,0.000,0.000,0.000,0.000,0.000,0.000,0.000,0.000,0.000,0.000,0.000,0.000,0.000,0.000,0.000,0.000,0.000,0.000,0.000,0.000,0.000,0.000,0.000,0.000,0.000,0.000,0.000,0.000,0.000,0.000,0.000,0.000,0.000,0.000,0.000,0.000,0.000,0.000,0.000,0.000
0.000,0.000,0.000,0.000,0.000,0.000,0.000,0.000,0.000,0.000,0.000,0.000,0.000,0.000,0.000,0.000,0.000,0.000,0.000,0.000,0.000,0.000,0.000,0.000,0.000,0.000,0.000,0.000,0.000,0.000,0.000,0.000,0.000,0.000,0.000,0.000,0.000,-564.595,-544.479,-525.084,-505.524,-486.161,-467.078,-448.469,-430.277,-412.434,-394.810,-377.212,-359.529,-341.888,-324.695,-308.418,-293.405,-279.881,-267.931,-257.484,-248.539,-240.738,-234.151,-228.450,-223.598,-219.360,-215.765,-212.523,-209.765,-207.191,-205.016,-202.878,-201.104,-199.241,-197.754,-196.047,-194.756,-193.083,-191.912,-190.175,-189.088,-187.192,-186.154,-183.952,-182.892,0.000,0.000,0.000,0.000,0.000,0.000,0.000,0.000,0.000,0.000,0.000,0.000,0.000,0.000,0.000,0.000,0.000,0.000,0.000,0.000,0.000,0.000,0.000,0.000,0.000,0.000,0.000,0.000,0.000,0.000,0.000,0.000,0.000,0.000,0.000,0.000,0.000,0.000,0.000,0.000
0.000,0.000,0.000,0.000,0.000,0.000,0.000,0.000,0.000,0.000,0.000,0.000,0.000,0.000,0.000,0.000,0.000,0.000,0.000,0.000,0.000,0.000,0.000,0.000,0.000,0.000,0.000,0.000,0.000,0.000,0.000,0.000,0.000,0.000,0.000,0.000,0.000,-564.606,-544.495,-525.109,-505.558,-486.212,-467.145,-448.544,-430.346,-412.481,-394.817,-377.162,-359.423,-341.740,-324.529,-308.269,-293.300,-279.829,-267.928,-257.517,-248.596,-240.810,-234.231,-228.533,-223.677,-219.430,-215.822,-212.568,-209.799,-207.217,-205.036,-202.892,-201.112,-199.244,-197.752,-196.043,-194.749,-193.077,-191.905,-190.167,-189.077,-187.178,-186.138,-183.937,-182.878,0.000,0.000,0.000,0.000,0.000,0.000,0.000,0.000,0.000,0.000,0.000,0.000,0.000,0.000,0.000,0.000,0.000,0.000,0.000,0.000,0.000,0.000,0.000,0.000,0.000,0.000,0.000,0.000,0.000,0.000,0.000,0.000,0.000,0.000,0.000,0.000,0.000,0.000,0.000,0.000
0.000,0.000,0.000,0.000,0.000,0.000,0.000,0.000,0.000,0.000,0.000,0.000,0.000,0.000,0.000,0.000,0.000,0.000,0.000,0.000,0.000,0.000,0.000,0.000,0.000,0.000,0.000,0.000,0.000,0.000,0.000,0.000,0.000,0.000,0.000,0.000,0.000,-564.855,-543.205,-522.195,-501.827,-482.128,-463.101,-444.651,-426.706,-409.149,-391.834,-374.516,-356.961,-339.254,-321.894,-305.500,-290.480,-277.036,-265.227,-254.995,-246.220,-238.647,-232.258,-226.725,-222.032,-217.933,-214.445,-211.296,-208.621,-206.128,-204.025,-201.952,-200.230,-198.419,-196.974,-195.318,-194.067,-192.445,-191.313,-189.622,-188.565,-186.706,-185.685,-183.511,-182.455,0.000,0.000,0.000,0.000,0.000,0.000,0.000,0.000,0.000,0.000,0.000,0.000,0.000,0.000,0.000,0.000,0.000,0.000,0.000,0.000,0.000,0.000,0.000,0.000,0.000,0.000,0.000,0.000,0.000,0.000,0.000,0.000,0.000,0.000,0.000,0.000,0.000,0.000,0.000,0.000
0.000,0.000,0.000,0.000,0.000,0.000,0.000,0.000,0.000,0.000,0.000,0.000,0.000,0.000,0.000,0.000,0.000,0.000,0.000,0.000,0.000,0.000,0.000,0.000,0.000,0.000,0.000,0.000,0.000,0.000,0.000,0.000,0.000,0.000,0.000,0.000,0.000,-565.246,-540.015,-516.270,-494.237,-473.699,-454.388,-436.024,-418.378,-401.294,-384.670,-368.144,-351.222,-333.744,-316.284,-299.748,-284.686,-271.321,-259.749,-249.829,-241.362,-234.174,-228.135,-222.928,-218.543,-214.720,-211.476,-208.553,-206.075,-203.761,-201.813,-199.890,-198.291,-196.598,-195.248,-193.697,-192.539,-191.025,-189.978,-188.387,-187.397,-185.628,-184.651,-182.543,-181.501,0.000,0.000,0.000,0.000,0.000,0.000,0.000,0.000,0.000,0.000,0.000,0.000,0.000,0.000,0.000,0.000,0.000,0.000,0.000,0.000,0.000,0.000,0.000,0.000,0.000,0.000,0.000,0.000,0.000,0.000,0.000,0.000,0.000,0.000,0.000,0.000,0.000,0.000,0.000,0.000
0.000,0.000,0.000,0.000,0.000,0.000,0.000,0.000,0.000,0.000,0.000,0.000,0.000,0.000,0.000,0.000,0.000,0.000,0.000,0.000,0.000,0.000,0.000,0.000,0.000,0.000,0.000,0.000,0.000,0.000,0.000,0.000,0.000,0.000,0.000,0.000,0.000,-563.418,-533.118,-505.969,-481.936,-460.224,-440.397,-421.822,-404.200,-387.405,-371.481,-356.079,-340.355,-323.536,-306.098,-289.510,-274.597,-261.602,-250.504,-241.210,-233.349,-226.818,-221.361,-216.694,-212.820,-209.456,-206.602,-204.029,-201.859,-199.838,-198.142,-196.449,-195.036,-193.527,-192.336,-190.955,-189.934,-188.585,-187.672,-186.254,-185.381,-183.754,-182.844,-180.841,-179.818,0.000,0.000,0.000,0.000,0.000,0.000,0.000,0.000,0.000,0.000,0.000,0.000,0.000,0.000,0.000,0.000,0.000,0.000,0.000,0.000,0.000,0.000,0.000,0.000,0.000,0.000,0.000,0.000,0.000,0.000,0.000,0.000,0.000,0.000,0.000,0.000,0.000,0.000,0.000,0.000
0.000,0.000,0.000,0.000,0.000,0.000,0.000,0.000,0.000,0.000,0.000,0.000,0.000,0.000,0.000,0.000,0.000,0.000,0.000,0.000,0.000,0.000,0.000,0.000,0.000,0.000,0.000,0.000,0.000,0.000,0.000,0.000,0.000,0.000,0.000,0.000,0.000,-546.977,-513.940,-486.275,-462.113,-440.452,-420.573,-401.529,-383.431,-366.028,-349.680,-334.518,-320.216,-305.016,-288.566,-272.774,-258.773,-246.828,-236.913,-228.778,-221.868,-216.375,-211.777,-207.870,-204.718,-201.999,-199.694,-197.614,-195.861,-194.214,-192.849,-191.493,-190.369,-189.124,-188.121,-186.954,-186.130,-185.025,-184.309,-183.113,-182.408,-181.043,-180.271,-178.468,-177.445,0.000,0.000,0.000,0.000,0.000,0.000,0.000,0.000,0.000,0.000,0.000,0.000,0.000,0.000,0.000,0.000,0.000,0.000,0.000,0.000,0.000,0.000,0.000,0.000,0.000,0.000,0.000,0.000,0.000,0.000,0.000,0.000,0.000,0.000,0.000,0.000,0.000,0.000,0.000,0.000
0.000,0.000,0.000,0.000,0.000,0.000,0.000,0.000,0.000,0.000,0.000,0.000,0.000,0.000,0.000,0.000,0.000,0.000,0.000,0.000,0.000,0.000,0.000,0.000,0.000,0.000,0.000,0.000,0.000,0.000,0.000,0.000,0.000,0.000,0.000,0.000,0.000,0.000,0.000,0.000,0.000,-420.464,-398.690,-381.849,-363.591,-344.349,-324.595,-305.541,-288.238,-272.375,-257.589,-244.470,-233.260,-224.083,-216.627,-210.569,-205.498,-201.497,-198.121,-195.347,-193.173,-191.281,-189.676,-188.251,-187.093,-186.024,-185.140,-184.186,-183.333,-182.386,-181.673,-180.887,-180.347,-179.589,-179.108,-178.304,-177.816,-176.694,-175.992,-174.420,-173.406,0.000,0.000,0.000,0.000,0.000,0.000,0.000,0.000,0.000,0.000,0.000,0.000,0.000,0.000,0.000,0.000,0.000,0.000,0.000,0.000,0.000,0.000,0.000,0.000,0.000,0.000,0.000,0.000,0.000,0.000,0.000,0.000,0.000,0.000,0.000,0.000,0.000,0.000,0.000,0.000
0.000,0.000,0.000,0.000,0.000,0.000,0.000,0.000,0.000,0.000,0.000,0.000,0.000,0.000,0.000,0.000,0.000,0.000,0.000,0.000,0.000,0.000,0.000,0.000,0.000,0.000,0.000,0.000,0.000,0.000,0.000,0.000,0.000,0.000,0.000,0.000,0.000,0.000,0.000,0.000,0.000,0.000,0.000,0.000,0.000,0.000,0.000,0.000,0.000,0.000,-202.837,-197.025,-192.687,-189.049,-185.997,-183.549,-181.028,-179.879,-178.829,-177.599,-176.676,-176.022,-175.467,-174.867,-174.293,-173.759,-173.355,-172.994,-172.720,-172.366,-171.981,-171.435,-171.006,-170.652,-170.504,-170.224,-170.054,-169.642,-169.368,-168.484,-167.257,0.000,0.000,0.000,0.000,0.000,0.000,0.000,0.000,0.000,0.000,0.000,0.000,0.000,0.000,0.000,0.000,0.000,0.000,0.000,0.000,0.000,0.000,0.000,0.000,0.000,0.000,0.000,0.000,0.000,0.000,0.000,0.000,0.000,0.000,0.000,0.000,0.000,0.000,0.000,0.000
0.000,0.000,0.000,0.000,0.000,0.000,0.000,0.000,0.000,0.000,0.000,0.000,0.000,0.000,0.000,0.000,0.000,0.000,0.000,0.000,0.000,0.000,0.000,0.000,0.000,0.000,0.000,0.000,0.000,0.000,0.000,0.000,0.000,0.000,0.000,0.000,0.000,0.000,0.000,0.000,0.000,0.000,0.000,0.000,0.000,0.000,0.000,0.000,0.000,0.000,0.000,0.000,0.000,0.000,0.000,0.000,0.000,0.000,0.000,0.000,0.000,0.000,-152.266,-153.131,-154.043,-154.870,-155.496,-156.023,-156.341,-156.405,-156.437,-156.613,-157.379,-158.226,-158.616,-158.776,-158.837,-158.955,-159.033,-159.078,-158.297,0.000,0.000,0.000,0.000,0.000,0.000,0.000,0.000,0.000,0.000,0.000,0.000,0.000,0.000,0.000,0.000,0.000,0.000,0.000,0.000,0.000,0.000,0.000,0.000,0.000,0.000,0.000,0.000,0.000,0.000,0.000,0.000,0.000,0.000,0.000,0.000,0.000,0.000,0.000,0.000
0.000,0.000,0.000,0.000,0.000,0.000,0.000,0.000,0.000,0.000,0.000,0.000,0.000,0.000,0.000,0.000,0.000,0.000,0.000,0.000,0.000,0.000,0.000,0.000,0.000,0.000,0.000,0.000,0.000,0.000,0.000,0.000,0.000,0.000,0.000,0.000,0.000,0.000,0.000,0.000,0.000,0.000,0.000,0.000,0.000,0.000,0.000,0.000,0.000,0.000,0.000,0.000,0.000,0.000,0.000,0.000,0.000,0.000,-89.826,-93.629,-97.434,-100.476,-102.818,-104.707,-106.764,-108.857,-110.998,-112.498,-113.409,-113.724,-114.374,-115.323,-116.923,-118.230,-119.611,-120.299,-121.426,-122.046,-123.715,-124.711,-128.576,0.000,0.000,0.000,0.000,0.000,0.000,0.000,0.000,0.000,0.000,0.000,0.000,0.000,0.000,0.000,0.000,0.000,0.000,0.000,0.000,0.000,0.000,0.000,0.000,0.000,0.000,0.000,0.000,0.000,0.000,0.000,0.000,0.000,0.000,0.000,0.000,0.000,0.000,0.000,0.000
0.000,0.000,0.000,0.000,0.000,0.000,0.000,0.000,0.000,0.000,0.000,0.000,0.000,0.000,0.000,0.000,0.000,0.000,0.000,0.000,0.000,0.000,0.000,0.000,0.000,0.000,0.000,0.000,0.000,0.000,0.000,0.000,0.000,0.000,0.000,0.000,0.000,0.000,0.000,0.000,0.000,0.000,0.000,0.000,0.000,0.000,0.000,0.000,0.000,0.000,0.000,0.000,0.000,0.000,0.000,0.000,0.000,0.000,0.000,0.000,0.000,0.000,0.000,0.000,0.000,0.000,0.000,0.000,0.000,0.000,0.000,0.000,0.000,0.000,0.000,0.000,0.000,0.000,0.000,0.000,0.000,0.000,0.000,0.000,0.000,0.000,0.000,0.000,0.000,0.000,0.000,0.000,0.000,0.000,0.000,0.000,0.000,0.000,0.000,0.000,0.000,0.000,0.000,0.000,0.000,0.000,0.000,0.000,0.000,0.000,0.000,0.000,0.000,0.000,0.000,0.000,0.000,0.000,0.000,0.000,0.000
