model_day,area_mean_melt_m_per_yr
30.0000,0.9198
60.0000,0.3472
90.0000,0.2049
120.0000,0.1565
150.0000,0.1340
180.0000,0.1205
210.0000,0.1109
240.0000,0.1035
270.0000,0.0975
300.0000,0.0924
330.0000,0.0881
360.0000,0.0843
390.0000,0.0810
420.0000,0.0781
450.0000,0.0754
480.0000,0.0730
510.0000,0.0708
540.0000,0.0688
570.0000,0.0668
600.0000,0.0651
630.0000,0.0634
660.0000,0.0619
690.0000,0.0605
720.0000,0.0591
750.0000,0.0578
780.0000,0.0566
810.0000,0.0555
840.0000,0.0544
870.0000,0.0533
900.0000,0.0523
930.0000,0.0513
960.0000,0.0504
990.0000,0.0496
1020.0000,0.0487
1050.0000,0.0479
1080.0000,0.0472
1110.0000,0.0464
1140.0000,0.0458
1170.0000,0.0451
1200.0000,0.0444
1230.0000,0.0438
1260.0000,0.0432
1290.0000,0.0426
1320.0000,0.0421
1350.0000,0.0416
1380.0000,0.0411
1410.0000,0.0408
1440.0000,0.0407
1470.0000,0.0404
1500.0000,0.0401
1530.0000,0.0396
1560.0000,0.0390
1590.0000,0.0386
1620.0000,0.0383
1650.0000,0.0387
1680.0000,0.0401
1710.0000,0.0375
1740.0000,0.0370
1770.0000,0.0370
1800.0000,0.0369
