model_year,amoc_index_sv
1,17.2899
2,18.4498
3,18.3365
4,17.3764
5,16.2004
6,14.7600
7,13.6391
8,12.8520
9,12.6590
10,12.6776
11,12.7858
12,12.9581
13,13.1778
14,13.4120
15,13.6465
16,13.8658
17,14.0602
18,14.2291
19,14.3718
20,14.4939
21,14.5995
22,14.6895
23,14.7683
24,14.8358
25,14.8947
26,14.9454
27,14.9905
28,15.0324
29,15.0689
30,15.1038
31,15.1350
32,15.1635
33,15.1910
34,15.2158
35,15.2405
36,15.2659
37,15.2901
38,15.3110
39,15.3362
40,15.3637
41,15.3847
42,15.4070
43,15.4285
44,15.4508
45,15.4722
46,15.4933
47,15.5143
48,15.5347
49,15.5549
50,15.5750
51,15.5957
52,15.6148
53,15.6339
54,15.6546
55,15.6753
56,15.6967
57,15.7173
58,15.7370
59,15.7575
60,15.7791
61,15.7976
62,15.8167
63,15.8350
64,15.8528
65,15.8711
66,15.8880
67,15.9052
68,15.9225
69,15.9405
70,15.9590
71,15.9752
72,15.9914
73,16.0077
74,16.0237
75,16.0393
76,16.0548
77,16.0713
78,16.0847
79,16.1000
80,16.1165
81,16.1313
82,16.1474
83,16.1619
84,16.1772
85,16.1909
86,16.2061
87,16.2174
88,16.2296
89,16.2397
90,16.2539
91,16.2677
92,16.2831
93,16.2979
94,16.3114
95,16.3250
96,16.3390
97,16.3516
98,16.3671
99,16.3809
100,16.3955
101,16.4105
102,16.4240
103,16.4381
104,16.4503
105,16.4652
106,16.4798
107,16.4918
108,16.5061
109,16.5203
110,16.5335
111,16.5463
112,16.5591
113,16.5719
114,16.5853
115,16.6038
116,16.6176
117,16.6288
118,16.6422
119,16.6561
120,16.6689
121,16.6798
122,16.6920
123,16.7047
124,16.7166
125,16.7313
126,16.7413
127,16.7547
128,16.7672
129,16.7791
130,16.7906
131,16.8029
132,16.8121
133,16.8231
134,16.8340
135,16.8452
136,16.8582
137,16.8682
138,16.8803
139,16.8921
140,16.9019
141,16.9116
142,16.9219
143,16.9320
144,16.9409
145,16.9504
146,16.9601
147,16.9704
148,16.9802
149,16.9905
150,17.0013
151,17.0113
152,17.0218
153,17.0322
154,17.0422
155,17.0530
156,17.0630
157,17.0738
158,17.0838
159,17.0945
160,17.1051
161,17.1142
162,17.1238
163,17.1351
164,17.1452
165,17.1546
166,17.1633
167,17.1728
168,17.1817
169,17.1904
170,17.2000
171,17.2092
172,17.2192
173,17.2286
174,17.2384
175,17.2474
176,17.2557
177,17.2640
178,17.2721
179,17.2804
180,17.2897
181,17.2983
182,17.3071
183,17.3156
184,17.3246
185,17.3335
186,17.3418
187,17.3498
188,17.3582
189,17.3660
190,17.3738
191,17.3822
192,17.3895
193,17.3978
194,17.4054
195,17.4128
196,17.4206
197,17.4279
198,17.4354
199,17.4428
200,17.4497
201,17.4582
202,17.4666
203,17.4748
204,17.4823
205,17.4889
206,17.4959
207,17.5033
208,17.5103
209,17.5171
210,17.5246
211,17.5315
212,17.5385
213,17.5455
214,17.5518
215,17.5586
216,17.5651
217,17.5719
218,17.5782
219,17.5855
220,17.5913
221,17.5983
222,17.6047
223,17.6115
224,17.6179
225,17.6240
226,17.6304
227,17.6362
228,17.6429
229,17.6491
230,17.6560
231,17.6616
232,17.6679
233,17.6752
234,17.6821
235,17.6889
236,17.6951
237,17.7009
238,17.7048
239,17.7107
240,17.7170
241,17.7232
242,17.7290
243,17.7349
244,17.7402
245,17.7466
246,17.7518
247,17.7583
248,17.7638
249,17.7699
250,17.7757
251,17.7823
252,17.7881
253,17.7935
254,17.7984
255,17.8040
256,17.8090
257,17.8131
258,17.8180
259,17.8229
260,17.8281
261,17.8323
262,17.8372
263,17.8416
264,17.8458
265,17.8497
266,17.8530
267,17.8567
268,17.8616
269,17.8661
270,17.8705
271,17.8755
272,17.8804
273,17.8847
274,17.8896
275,17.8947
276,17.8984
277,17.9044
278,17.9091
279,17.9141
280,17.9193
281,17.9241
282,17.9300
283,17.9342
284,17.9390
285,17.9441
286,17.9488
287,17.9540
288,17.9592
289,17.9635
290,17.9682
291,17.9722
292,17.9773
293,17.9813
294,17.9862
295,17.9912
296,17.9951
297,17.9998
298,18.0038
299,18.0076
300,18.0114
301,18.0162
302,18.0212
303,18.0262
304,18.0308
305,18.0356
306,18.0403
307,18.0451
308,18.0494
309,18.0539
310,18.0588
311,18.0633
312,18.0687
313,18.0738
314,18.0787
315,18.0839
316,18.0890
317,18.0941
318,18.0991
319,18.1037
320,18.1084
321,18.1129
322,18.1176
323,18.1220
324,18.1263
325,18.1312
326,18.1355
327,18.1397
328,18.1442
329,18.1492
330,18.1536
331,18.1579
332,18.1627
333,18.1668
334,18.1708
335,18.1748
336,18.1791
337,18.1836
338,18.1879
339,18.1925
340,18.1972
341,18.2015
342,18.2056
343,18.2097
344,18.2139
345,18.2179
346,18.2220
347,18.2261
348,18.2304
349,18.2345
350,18.2380
351,18.2417
352,18.2460
353,18.2506
354,18.2552
355,18.2590
356,18.2624
357,18.2660
358,18.2699
359,18.2732
360,18.2752
361,18.2769
362,18.2785
363,18.2802
364,18.2826
365,18.2841
366,18.2863
367,18.2879
368,18.2904
369,18.2936
370,18.2969
371,18.2997
372,18.3022
373,18.3053
374,18.3093
375,18.3129
376,18.3161
377,18.3188
378,18.3218
379,18.3252
380,18.3286
381,18.3326
382,18.3375
383,18.3420
384,18.3458
385,18.3492
386,18.3522
387,18.3553
388,18.3583
389,18.3614
390,18.3648
391,18.3679
392,18.3710
393,18.3744
394,18.3778
395,18.3812
396,18.3846
397,18.3884
398,18.3919
399,18.3951
400,18.3983
401,18.4023
402,18.4069
403,18.4115
404,18.4154
405,18.4192
406,18.4233
407,18.4271
408,18.4304
409,18.4338
410,18.4370
411,18.4400
412,18.4431
413,18.4462
414,18.4491
415,18.4523
416,18.4555
417,18.4584
418,18.4613
419,18.4642
420,18.4671
421,18.4699
422,18.4726
423,18.4756
424,18.4789
425,18.4819
426,18.4849
427,18.4878
428,18.4906
429,18.4932
430,18.4961
431,18.4992
432,18.5020
433,18.5049
434,18.5072
435,18.5096
436,18.5123
437,18.5142
438,18.5155
439,18.5175
440,18.5192
441,18.5209
442,18.5227
443,18.5243
444,18.5259
445,18.5277
446,18.5296
447,18.5314
448,18.5338
449,18.5362
450,18.5385
451,18.5407
452,18.5432
453,18.5460
454,18.5486
455,18.5510
456,18.5538
457,18.5564
458,18.5589
459,18.5617
460,18.5643
461,18.5671
462,18.5697
463,18.5724
464,18.5751
465,18.5777
466,18.5802
467,18.5825
468,18.5849
469,18.5873
470,18.5897
471,18.5917
472,18.5937
473,18.5959
474,18.5983
475,18.6010
476,18.6040
477,18.6068
478,18.6095
479,18.6120
480,18.6142
481,18.6153
482,18.6158
483,18.6163
484,18.6175
485,18.6179
486,18.6182
487,18.6184
488,18.6185
489,18.6189
490,18.6200
491,18.6213
492,18.6228
493,18.6244
494,18.6265
495,18.6293
496,18.6326
497,18.6365
498,18.6404
499,18.6443
500,18.6481
501,18.6520
502,18.6546
503,18.6574
504,18.6596
505,18.6624
506,18.6644
507,18.6673
508,18.6689
509,18.6711
510,18.6733
511,18.6750
512,18.6774
513,18.6791
514,18.6807
515,18.6825
516,18.6842
517,18.6862
518,18.6884
519,18.6901
520,18.6922
521,18.6943
522,18.6965
523,18.6984
524,18.7006
525,18.7026
526,18.7048
527,18.7070
528,18.7097
529,18.7119
530,18.7143
531,18.7163
532,18.7180
533,18.7204
534,18.7227
535,18.7247
536,18.7271
537,18.7302
538,18.7324
539,18.7342
540,18.7367
541,18.7386
542,18.7411
543,18.7436
544,18.7462
545,18.7488
546,18.7513
547,18.7535
548,18.7557
549,18.7578
550,18.7600
551,18.7616
552,18.7632
553,18.7650
554,18.7666
555,18.7688
556,18.7712
557,18.7726
558,18.7743
559,18.7763
560,18.7785
561,18.7802
562,18.7819
563,18.7833
564,18.7846
565,18.7858
566,18.7870
567,18.7887
568,18.7911
569,18.7943
570,18.7983
571,18.8035
572,18.8097
573,18.8171
574,18.8246
575,18.8306
576,18.8347
577,18.8359
578,18.8350
579,18.8322
580,18.8289
581,18.8270
582,18.8273
583,18.8284
584,18.8328
585,18.8393
586,18.8456
587,18.8514
588,18.8555
589,18.8579
590,18.8580
591,18.8564
592,18.8535
593,18.8508
594,18.8512
595,18.8542
596,18.8600
597,18.8662
598,18.8721
599,18.8765
600,18.8798
601,18.8809
602,18.8805
603,18.8788
604,18.8762
605,18.8732
606,18.8705
607,18.8684
608,18.8685
609,18.8712
610,18.8760
611,18.8821
612,18.8886
613,18.8950
614,18.9004
615,18.9047
616,18.9073
617,18.9082
618,18.9074
619,18.9053
620,18.9024
621,18.8998
622,18.8979
623,18.8971
624,18.8983
625,18.9019
626,18.9077
627,18.9135
628,18.9192
629,18.9238
630,18.9278
631,18.9308
632,18.9319
633,18.9324
634,18.9320
635,18.9301
636,18.9287
637,18.9277
638,18.9269
639,18.9273
640,18.9294
641,18.9333
642,18.9384
643,18.9433
644,18.9475
645,18.9519
646,18.9550
647,18.9578
648,18.9589
649,18.9589
650,18.9590
651,18.9589
652,18.9596
653,18.9614
654,18.9631
655,18.9647
656,18.9666
657,18.9686
658,18.9706
659,18.9727
660,18.9752
661,18.9777
662,18.9792
663,18.9804
664,18.9821
665,18.9830
666,18.9848
667,18.9859
668,18.9874
669,18.9887
670,18.9897
671,18.9910
672,18.9925
673,18.9939
674,18.9957
675,18.9970
676,18.9975
677,18.9979
678,18.9992
679,18.9995
680,19.0000
681,19.0012
682,19.0027
683,19.0049
684,19.0068
685,19.0086
686,19.0101
687,19.0116
688,19.0130
689,19.0141
690,19.0154
691,19.0170
692,19.0185
693,19.0192
694,19.0200
695,19.0214
696,19.0220
697,19.0224
698,19.0224
699,19.0229
700,19.0243
701,19.0257
702,19.0270
703,19.0282
704,19.0297
705,19.0309
706,19.0321
707,19.0350
708,19.0375
709,19.0388
710,19.0398
711,19.0408
712,19.0413
713,19.0416
714,19.0424
715,19.0436
716,19.0449
717,19.0458
718,19.0469
719,19.0476
720,19.0493
721,19.0508
722,19.0521
723,19.0531
724,19.0545
725,19.0559
726,19.0572
727,19.0592
728,19.0614
729,19.0627
730,19.0634
731,19.0642
732,19.0652
733,19.0665
734,19.0679
735,19.0699
736,19.0716
737,19.0733
738,19.0748
739,19.0749
740,19.0764
741,19.0773
742,19.0792
743,19.0808
744,19.0816
745,19.0819
746,19.0823
747,19.0838
748,19.0841
749,19.0849
750,19.0854
751,19.0860
752,19.0873
753,19.0885
754,19.0895
755,19.0906
756,19.0916
757,19.0926
758,19.0941
759,19.0955
760,19.0966
761,19.0977
762,19.0984
763,19.0990
764,19.0997
765,19.1004
766,19.1013
767,19.1023
768,19.1030
769,19.1041
770,19.1053
771,19.1085
772,19.1119
773,19.1154
774,19.1197
775,19.1225
776,19.1252
777,19.1274
778,19.1290
779,19.1313
780,19.1329
781,19.1345
782,19.1357
783,19.1367
784,19.1379
785,19.1385
786,19.1392
787,19.1409
788,19.1418
789,19.1431
790,19.1441
791,19.1448
792,19.1461
793,19.1462
794,19.1471
795,19.1475
796,19.1478
797,19.1483
798,19.1486
799,19.1488
800,19.1496
801,19.1500
802,19.1506
803,19.1510
804,19.1519
805,19.1530
806,19.1541
807,19.1555
808,19.1564
809,19.1575
810,19.1579
811,19.1596
812,19.1610
813,19.1630
814,19.1648
815,19.1658
816,19.1668
817,19.1676
818,19.1680
819,19.1684
820,19.1696
821,19.1703
822,19.1715
823,19.1725
824,19.1729
825,19.1738
826,19.1750
827,19.1763
828,19.1771
829,19.1779
830,19.1787
831,19.1794
832,19.1807
833,19.1821
834,19.1832
835,19.1839
836,19.1846
837,19.1848
838,19.1860
839,19.1869
840,19.1869
841,19.1870
842,19.1879
843,19.1892
844,19.1903
845,19.1907
846,19.1915
847,19.1925
848,19.1934
849,19.1942
850,19.1950
851,19.1967
852,19.1977
853,19.1989
854,19.1994
855,19.1997
856,19.2010
857,19.2020
858,19.2027
859,19.2038
860,19.2052
861,19.2061
862,19.2071
863,19.2078
864,19.2082
865,19.2087
866,19.2093
867,19.2100
868,19.2110
869,19.2113
870,19.2119
871,19.2124
872,19.2131
873,19.2137
874,19.2147
875,19.2156
876,19.2162
877,19.2176
878,19.2188
879,19.2195
880,19.2203
881,19.2209
882,19.2214
883,19.2221
884,19.2229
885,19.2240
886,19.2249
887,19.2255
888,19.2267
889,19.2274
890,19.2289
891,19.2318
892,19.2336
893,19.2346
894,19.2357
895,19.2370
896,19.2378
897,19.2389
898,19.2392
899,19.2395
900,19.2412
901,19.2428
902,19.2443
903,19.2461
904,19.2468
905,19.2475
906,19.2485
907,19.2493
908,19.2500
909,19.2506
910,19.2506
911,19.2502
912,19.2508
913,19.2518
914,19.2525
915,19.2532
916,19.2540
917,19.2554
918,19.2569
919,19.2582
920,19.2593
921,19.2603
922,19.2613
923,19.2616
924,19.2623
925,19.2625
926,19.2622
927,19.2622
928,19.2626
929,19.2639
930,19.2655
931,19.2660
932,19.2661
933,19.2668
934,19.2679
935,19.2693
936,19.2704
937,19.2713
938,19.2716
939,19.2718
940,19.2723
941,19.2724
942,19.2729
943,19.2741
944,19.2751
945,19.2760
946,19.2776
947,19.2784
948,19.2785
949,19.2788
950,19.2800
951,19.2803
952,19.2808
953,19.2816
954,19.2823
955,19.2837
956,19.2844
957,19.2849
958,19.2857
959,19.2865
960,19.2874
961,19.2882
962,19.2889
963,19.2898
964,19.2911
965,19.2914
966,19.2920
967,19.2924
968,19.2930
969,19.2937
970,19.2947
971,19.2960
972,19.2966
973,19.2976
974,19.2981
975,19.2985
976,19.2992
977,19.2999
978,19.3009
979,19.3024
980,19.3034
981,19.3037
982,19.3039
983,19.3050
984,19.3058
985,19.3065
986,19.3073
987,19.3086
988,19.3091
989,19.3092
990,19.3097
991,19.3105
992,19.3111
993,19.3122
994,19.3139
995,19.3155
996,19.3165
997,19.3170
998,19.3177
999,19.3176
1000,19.3176
1001,19.3185
1002,19.3190
1003,19.3200
1004,19.3213
1005,19.3222
1006,19.3231
1007,19.3234
1008,19.3233
1009,19.3238
1010,19.3241
1011,19.3244
1012,19.3251
1013,19.3259
1014,19.3274
1015,19.3286
1016,19.3288
1017,19.3294
1018,19.3302
1019,19.3318
1020,19.3336
1021,19.3342
1022,19.3339
1023,19.3338
1024,19.3348
1025,19.3361
1026,19.3377
1027,19.3392
1028,19.3400
1029,19.3396
1030,19.3392
1031,19.3392
1032,19.3395
1033,19.3402
1034,19.3413
1035,19.3429
1036,19.3440
1037,19.3448
1038,19.3451
1039,19.3450
1040,19.3461
1041,19.3477
1042,19.3488
1043,19.3488
1044,19.3489
1045,19.3499
1046,19.3509
1047,19.3525
1048,19.3540
1049,19.3552
1050,19.3554
1051,19.3548
1052,19.3546
1053,19.3546
1054,19.3540
1055,19.3542
1056,19.3544
1057,19.3549
1058,19.3558
1059,19.3564
1060,19.3575
1061,19.3587
1062,19.3595
1063,19.3604
1064,19.3618
1065,19.3623
1066,19.3636
1067,19.3643
1068,19.3645
1069,19.3653
1070,19.3661
1071,19.3667
1072,19.3675
1073,19.3679
1074,19.3680
1075,19.3683
1076,19.3687
1077,19.3702
1078,19.3718
1079,19.3734
1080,19.3746
1081,19.3751
1082,19.3758
1083,19.3765
1084,19.3768
1085,19.3772
1086,19.3775
1087,19.3767
1088,19.3758
1089,19.3753
1090,19.3750
1091,19.3749
1092,19.3752
1093,19.3759
1094,19.3759
1095,19.3762
1096,19.3768
1097,19.3777
1098,19.3785
1099,19.3787
1100,19.3793
1101,19.3798
1102,19.3805
1103,19.3815
1104,19.3821
1105,19.3825
1106,19.3836
1107,19.3844
1108,19.3848
1109,19.3855
1110,19.3864
1111,19.3874
1112,19.3880
1113,19.3884
1114,19.3886
1115,19.3892
1116,19.3900
1117,19.3904
1118,19.3908
1119,19.3914
1120,19.3921
1121,19.3933
1122,19.3938
1123,19.3942
1124,19.3949
1125,19.3957
1126,19.3968
1127,19.3972
1128,19.3976
1129,19.3985
1130,19.3992
1131,19.3999
1132,19.4004
1133,19.4011
1134,19.4020
1135,19.4028
1136,19.4037
1137,19.4050
1138,19.4059
1139,19.4060
1140,19.4060
1141,19.4068
1142,19.4074
1143,19.4081
1144,19.4091
1145,19.4096
1146,19.4105
1147,19.4110
1148,19.4114
1149,19.4121
1150,19.4133
1151,19.4141
1152,19.4143
1153,19.4146
1154,19.4150
1155,19.4162
1156,19.4169
1157,19.4172
1158,19.4175
1159,19.4178
1160,19.4184
1161,19.4188
1162,19.4193
1163,19.4199
1164,19.4202
1165,19.4206
1166,19.4213
1167,19.4219
1168,19.4221
1169,19.4225
1170,19.4238
1171,19.4247
1172,19.4261
1173,19.4269
1174,19.4271
1175,19.4276
1176,19.4279
1177,19.4284
1178,19.4293
1179,19.4295
1180,19.4296
1181,19.4300
1182,19.4308
1183,19.4316
1184,19.4325
1185,19.4332
1186,19.4340
1187,19.4349
1188,19.4350
1189,19.4350
1190,19.4355
1191,19.4362
1192,19.4370
1193,19.4379
1194,19.4387
1195,19.4399
1196,19.4403
1197,19.4405
1198,19.4412
1199,19.4425
1200,19.4431
1201,19.4436
1202,19.4445
1203,19.4448
1204,19.4450
1205,19.4456
1206,19.4465
1207,19.4467
1208,19.4468
1209,19.4472
1210,19.4479
1211,19.4484
1212,19.4490
1213,19.4498
1214,19.4505
1215,19.4512
1216,19.4520
1217,19.4530
1218,19.4534
1219,19.4538
1220,19.4544
1221,19.4551
1222,19.4557
1223,19.4566
1224,19.4576
1225,19.4586
1226,19.4595
1227,19.4600
1228,19.4603
1229,19.4607
1230,19.4614
1231,19.4617
1232,19.4617
1233,19.4625
1234,19.4629
1235,19.4638
1236,19.4643
1237,19.4650
1238,19.4659
1239,19.4672
1240,19.4677
1241,19.4684
1242,19.4689
1243,19.4696
1244,19.4699
1245,19.4707
1246,19.4711
1247,19.4712
1248,19.4721
1249,19.4725
1250,19.4730
1251,19.4733
1252,19.4743
1253,19.4748
1254,19.4755
1255,19.4762
1256,19.4768
1257,19.4776
1258,19.4787
1259,19.4790
1260,19.4796
1261,19.4799
1262,19.4804
1263,19.4810
1264,19.4815
1265,19.4826
1266,19.4829
1267,19.4832
1268,19.4835
1269,19.4844
1270,19.4847
1271,19.4853
1272,19.4858
1273,19.4864
1274,19.4872
1275,19.4883
1276,19.4889
1277,19.4897
1278,19.4903
1279,19.4909
1280,19.4914
1281,19.4920
1282,19.4928
1283,19.4930
1284,19.4937
1285,19.4939
1286,19.4938
1287,19.4942
1288,19.4946
1289,19.4955
1290,19.4964
1291,19.4972
1292,19.4979
1293,19.4985
1294,19.4992
1295,19.4999
1296,19.4996
1297,19.5001
1298,19.5007
1299,19.5010
1300,19.5019
1301,19.5029
1302,19.5037
1303,19.5044
1304,19.5051
1305,19.5057
1306,19.5062
1307,19.5069
1308,19.5072
1309,19.5076
1310,19.5079
1311,19.5085
1312,19.5091
1313,19.5098
1314,19.5099
1315,19.5099
1316,19.5107
1317,19.5111
1318,19.5117
1319,19.5126
1320,19.5132
1321,19.5141
1322,19.5144
1323,19.5145
1324,19.5149
1325,19.5156
1326,19.5161
1327,19.5167
1328,19.5177
1329,19.5180
1330,19.5177
1331,19.5183
1332,19.5191
1333,19.5194
1334,19.5200
1335,19.5213
1336,19.5217
1337,19.5223
1338,19.5235
1339,19.5240
1340,19.5246
1341,19.5251
1342,19.5259
1343,19.5263
1344,19.5267
1345,19.5278
1346,19.5282
1347,19.5285
1348,19.5293
1349,19.5304
1350,19.5308
1351,19.5313
1352,19.5320
1353,19.5323
1354,19.5323
1355,19.5324
1356,19.5325
1357,19.5327
1358,19.5329
1359,19.5333
1360,19.5336
1361,19.5347
1362,19.5351
1363,19.5354
1364,19.5360
1365,19.5369
1366,19.5376
1367,19.5387
1368,19.5390
1369,19.5390
1370,19.5397
1371,19.5399
1372,19.5403
1373,19.5407
1374,19.5410
1375,19.5414
1376,19.5420
1377,19.5429
1378,19.5431
1379,19.5432
1380,19.5442
1381,19.5454
1382,19.5457
1383,19.5463
1384,19.5470
1385,19.5476
1386,19.5483
1387,19.5490
1388,19.5496
1389,19.5501
1390,19.5508
1391,19.5513
1392,19.5521
1393,19.5525
1394,19.5532
1395,19.5535
1396,19.5539
1397,19.5548
1398,19.5555
1399,19.5558
1400,19.5559
1401,19.5563
1402,19.5568
1403,19.5573
1404,19.5579
1405,19.5584
1406,19.5587
1407,19.5593
1408,19.5600
1409,19.5601
1410,19.5600
1411,19.5608
1412,19.5618
1413,19.5622
1414,19.5626
1415,19.5634
1416,19.5643
1417,19.5645
1418,19.5648
1419,19.5654
1420,19.5660
1421,19.5665
1422,19.5668
1423,19.5673
1424,19.5677
1425,19.5679
1426,19.5689
1427,19.5692
1428,19.5695
1429,19.5699
1430,19.5709
1431,19.5717
1432,19.5720
1433,19.5731
1434,19.5734
1435,19.5740
1436,19.5748
1437,19.5750
1438,19.5757
1439,19.5762
1440,19.5766
1441,19.5771
1442,19.5780
1443,19.5785
1444,19.5791
1445,19.5799
1446,19.5802
1447,19.5808
1448,19.5812
1449,19.5825
1450,19.5829
1451,19.5831
1452,19.5841
1453,19.5847
1454,19.5849
1455,19.5853
1456,19.5858
1457,19.5864
1458,19.5869
1459,19.5871
1460,19.5877
1461,19.5878
1462,19.5878
1463,19.5886
1464,19.5892
1465,19.5891
1466,19.5896
1467,19.5906
1468,19.5914
1469,19.5919
1470,19.5925
1471,19.5934
1472,19.5947
1473,19.5962
1474,19.5967
1475,19.5964
1476,19.5969
1477,19.5978
1478,19.5982
1479,19.5984
1480,19.5987
1481,19.5996
1482,19.5998
1483,19.5999
1484,19.6002
1485,19.6009
1486,19.6014
1487,19.6018
1488,19.6020
1489,19.6021
1490,19.6024
1491,19.6035
1492,19.6046
1493,19.6051
1494,19.6054
1495,19.6056
1496,19.6062
1497,19.6065
1498,19.6068
1499,19.6073
1500,19.6078
1501,19.6090
1502,19.6094
1503,19.6094
1504,19.6103
1505,19.6112
1506,19.6115
1507,19.6119
1508,19.6124
1509,19.6136
1510,19.6143
1511,19.6147
1512,19.6153
1513,19.6161
1514,19.6186
1515,19.6195
1516,19.6195
1517,19.6194
1518,19.6192
1519,19.6209
1520,19.6220
1521,19.6219
1522,19.6222
1523,19.6222
1524,19.6224
1525,19.6240
1526,19.6240
1527,19.6238
1528,19.6238
1529,19.6243
1530,19.6256
1531,19.6260
1532,19.6260
1533,19.6260
1534,19.6277
1535,19.6277
1536,19.6274
1537,19.6279
1538,19.6292
1539,19.6290
1540,19.6294
1541,19.6293
1542,19.6306
1543,19.6310
1544,19.6307
1545,19.6315
1546,19.6331
1547,19.6331
1548,19.6327
1549,19.6326
1550,19.6335
1551,19.6337
1552,19.6337
1553,19.6341
1554,19.6349
1555,19.6351
1556,19.6355
1557,19.6366
1558,19.6369
1559,19.6371
1560,19.6378
1561,19.6382
1562,19.6384
1563,19.6390
1564,19.6397
1565,19.6398
1566,19.6399
1567,19.6401
1568,19.6404
1569,19.6413
1570,19.6420
1571,19.6431
1572,19.6434
1573,19.6434
1574,19.6438
1575,19.6445
1576,19.6450
1577,19.6456
1578,19.6459
1579,19.6459
1580,19.6463
1581,19.6467
1582,19.6468
1583,19.6474
1584,19.6484
1585,19.6485
1586,19.6492
1587,19.6498
1588,19.6500
1589,19.6508
1590,19.6513
1591,19.6515
1592,19.6518
1593,19.6522
1594,19.6524
1595,19.6524
1596,19.6523
1597,19.6523
1598,19.6527
1599,19.6532
1600,19.6539
1601,19.6546
1602,19.6552
1603,19.6560
1604,19.6563
1605,19.6566
1606,19.6575
1607,19.6576
1608,19.6577
1609,19.6583
1610,19.6594
1611,19.6601
1612,19.6604
1613,19.6609
1614,19.6612
1615,19.6618
1616,19.6624
1617,19.6627
1618,19.6630
1619,19.6633
1620,19.6635
1621,19.6640
1622,19.6646
1623,19.6653
1624,19.6659
1625,19.6670
1626,19.6674
1627,19.6675
1628,19.6680
1629,19.6687
1630,19.6695
1631,19.6699
1632,19.6706
1633,19.6708
1634,19.6710
1635,19.6719
1636,19.6727
1637,19.6730
1638,19.6732
1639,19.6737
1640,19.6745
1641,19.6750
1642,19.6753
1643,19.6756
1644,19.6759
1645,19.6764
1646,19.6768
1647,19.6772
1648,19.6775
1649,19.6773
1650,19.6775
1651,19.6781
1652,19.6785
1653,19.6790
1654,19.6796
1655,19.6798
1656,19.6802
1657,19.6811
1658,19.6812
1659,19.6814
1660,19.6816
1661,19.6821
1662,19.6826
1663,19.6832
1664,19.6839
1665,19.6863
1666,19.6866
1667,19.6867
1668,19.6867
1669,19.6865
1670,19.6871
1671,19.6890
1672,19.6897
1673,19.6901
1674,19.6900
1675,19.6897
1676,19.6916
1677,19.6921
1678,19.6928
1679,19.6929
1680,19.6939
1681,19.6940
1682,19.6959
1683,19.6969
1684,19.6960
1685,19.6968
1686,19.6982
1687,19.6988
1688,19.6984
1689,19.6987
1690,19.7007
1691,19.7011
1692,19.7017
1693,19.7011
1694,19.7028
1695,19.7034
1696,19.7035
1697,19.7031
1698,19.7048
1699,19.7059
1700,19.7060
1701,19.7073
1702,19.7073
1703,19.7070
1704,19.7070
1705,19.7087
1706,19.7086
1707,19.7082
1708,19.7096
1709,19.7101
1710,19.7098
1711,19.7113
1712,19.7113
1713,19.7110
1714,19.7126
1715,19.7134
1716,19.7134
1717,19.7139
1718,19.7131
1719,19.7127
1720,19.7140
1721,19.7144
1722,19.7144
1723,19.7156
1724,19.7159
1725,19.7154
1726,19.7165
1727,19.7162
1728,19.7153
1729,19.7151
1730,19.7152
1731,19.7153
1732,19.7157
1733,19.7161
1734,19.7160
1735,19.7159
1736,19.7164
1737,19.7165
1738,19.7167
1739,19.7173
1740,19.7178
1741,19.7187
1742,19.7200
1743,19.7203
1744,19.7210
1745,19.7212
1746,19.7214
1747,19.7222
1748,19.7229
1749,19.7232
1750,19.7238
1751,19.7231
1752,19.7222
1753,19.7223
1754,19.7232
1755,19.7240
1756,19.7250
1757,19.7260
1758,19.7272
1759,19.7272
1760,19.7263
1761,19.7258
1762,19.7271
1763,19.7282
1764,19.7295
1765,19.7306
1766,19.7308
1767,19.7310
1768,19.7316
1769,19.7316
1770,19.7313
1771,19.7302
1772,19.7291
1773,19.7287
1774,19.7286
1775,19.7288
1776,19.7288
1777,19.7286
1778,19.7287
1779,19.7294
1780,19.7298
1781,19.7305
1782,19.7310
1783,19.7317
1784,19.7323
1785,19.7332
1786,19.7342
1787,19.7344
1788,19.7349
1789,19.7351
1790,19.7357
1791,19.7361
1792,19.7364
1793,19.7368
1794,19.7371
1795,19.7376
1796,19.7377
1797,19.7375
1798,19.7375
1799,19.7375
1800,19.7378
1801,19.7389
1802,19.7392
1803,19.7392
1804,19.7399
1805,19.7402
1806,19.7406
1807,19.7409
1808,19.7412
1809,19.7417
1810,19.7418
1811,19.7419
1812,19.7424
1813,19.7429
1814,19.7437
1815,19.7442
1816,19.7444
1817,19.7452
1818,19.7453
1819,19.7457
1820,19.7476
1821,19.7480
1822,19.7488
1823,19.7491
1824,19.7493
1825,19.7511
1826,19.7514
1827,19.7525
1828,19.7527
1829,19.7540
1830,19.7540
1831,19.7543
1832,19.7538
1833,19.7547
1834,19.7557
1835,19.7570
1836,19.7565
1837,19.7568
1838,19.7574
1839,19.7579
1840,19.7585
1841,19.7595
1842,19.7599
1843,19.7601
1844,19.7621
1845,19.7641
1846,19.7662
1847,19.7683
1848,19.7694
1849,19.7687
1850,19.7678
1851,19.7673
1852,19.7672
1853,19.7671
1854,19.7665
1855,19.7657
1856,19.7669
1857,19.7693
1858,19.7716
1859,19.7730
1860,19.7737
1861,19.7730
1862,19.7725
1863,19.7720
1864,19.7708
1865,19.7697
1866,19.7693
1867,19.7710
1868,19.7732
1869,19.7751
1870,19.7765
1871,19.7771
1872,19.7776
1873,19.7781
1874,19.7775
1875,19.7766
1876,19.7759
1877,19.7748
1878,19.7740
1879,19.7751
1880,19.7769
1881,19.7786
1882,19.7798
1883,19.7810
1884,19.7821
1885,19.7832
1886,19.7839
1887,19.7843
1888,19.7847
1889,19.7853
1890,19.7857
1891,19.7849
1892,19.7829
1893,19.7812
1894,19.7800
1895,19.7809
1896,19.7824
1897,19.7842
1898,19.7856
1899,19.7863
1900,19.7868
1901,19.7875
1902,19.7879
1903,19.7889
1904,19.7903
1905,19.7908
1906,19.7907
1907,19.7907
1908,19.7908
1909,19.7915
1910,19.7919
1911,19.7922
1912,19.7924
1913,19.7924
1914,19.7925
1915,19.7929
1916,19.7932
1917,19.7938
1918,19.7943
1919,19.7943
1920,19.7942
1921,19.7946
1922,19.7954
1923,19.7958
1924,19.7967
1925,19.7970
1926,19.7968
1927,19.7969
1928,19.7972
1929,19.7976
1930,19.7982
1931,19.7982
1932,19.7981
1933,19.7986
1934,19.7992
1935,19.7995
1936,19.7997
1937,19.8004
1938,19.8009
1939,19.8009
1940,19.8012
1941,19.8016
1942,19.8023
1943,19.8030
1944,19.8036
1945,19.8039
1946,19.8043
1947,19.8047
1948,19.8049
1949,19.8051
1950,19.8041
1951,19.8034
1952,19.8024
1953,19.8012
1954,19.8010
1955,19.8010
1956,19.8015
1957,19.8020
1958,19.8022
1959,19.8029
1960,19.8036
1961,19.8035
1962,19.8038
1963,19.8042
1964,19.8050
1965,19.8054
1966,19.8054
1967,19.8057
1968,19.8063
1969,19.8067
1970,19.8067
1971,19.8068
1972,19.8071
1973,19.8074
1974,19.8073
1975,19.8076
1976,19.8083
1977,19.8089
1978,19.8095
1979,19.8101
1980,19.8102
1981,19.8102
1982,19.8105
1983,19.8113
1984,19.8116
1985,19.8118
1986,19.8115
1987,19.8116
1988,19.8120
1989,19.8122
1990,19.8129
1991,19.8135
1992,19.8135
1993,19.8141
1994,19.8152
1995,19.8156
1996,19.8157
1997,19.8161
1998,19.8165
1999,19.8167
2000,19.8165
