model_year,control_sv,hose010_sv,hose030_sv,hose050_sv
2001,19.7774,19.7038,19.5815,19.4729
2002,19.7275,19.4314,19.0020,18.8080
2003,19.6541,18.8896,18.0950,17.7737
2004,19.5638,18.0896,16.9612,16.4785
2005,19.4554,17.1328,15.5996,14.7532
2006,19.3302,16.0929,13.9696,12.8110
2007,19.1989,14.9930,12.3776,11.4855
2008,19.0656,13.8893,11.3776,10.4821
2009,18.9365,12.9610,10.5279,9.4426
2010,18.8178,12.1101,9.7082,8.4949
2011,18.7093,11.4451,8.9902,7.6879
2012,18.6056,10.9308,8.3661,6.9418
2013,18.5035,10.5017,7.8028,6.3145
2014,18.3980,10.1522,7.3041,5.8905
2015,18.2828,9.8584,6.9093,5.5738
2016,18.1531,9.5981,6.5777,5.1943
2017,17.9959,9.3656,6.2209,4.7278
2018,17.8243,9.1647,5.8382,4.2567
2019,17.6430,8.9996,5.4566,3.8622
2020,17.4750,8.8698,5.1067,3.5186
2021,17.3433,8.7525,4.7834,3.2259
2022,17.2250,8.6663,4.4895,2.9563
2023,17.1188,8.5867,4.2203,2.6920
2024,17.0402,8.5163,3.9646,2.4393
2025,16.9567,8.4519,3.7370,2.2108
2026,16.8758,8.3671,3.5455,2.0110
2027,16.8266,8.2994,3.3538,1.8345
2028,16.7718,8.2441,3.1485,1.6814
2029,16.7193,8.1784,2.9436,1.5323
2030,16.6904,8.0896,2.7447,1.3815
2031,16.6505,8.0147,2.5511,1.2537
2032,16.6134,7.9341,2.3805,1.1378
2033,16.5839,7.8435,2.2223,1.0309
2034,16.5609,7.7484,2.0699,0.9348
2035,16.5488,7.6605,1.9194,0.8492
2036,16.5315,7.5664,1.7695,0.7494
2037,16.5156,7.4583,1.6287,0.6685
2038,16.5062,7.3482,1.5038,0.5834
2039,16.5122,7.2426,1.3862,0.5163
2040,16.5245,7.1288,1.2784,0.4511
2041,16.5373,7.0149,1.1715,0.4066
2042,16.5451,6.8942,1.0679,0.3794
2043,16.5609,6.7699,0.9705,0.3428
2044,16.5866,6.6429,0.8698,0.2783
2045,16.6149,6.5178,0.7852,0.2166
2046,16.6430,6.3894,0.7012,0.1511
2047,16.6712,6.2607,0.6223,0.0819
2048,16.7146,6.1248,0.5378,0.0081
2049,16.7497,5.9877,0.4576,-0.0004
2050,16.7846,5.8528,0.4044,-0.0067
2051,16.8227,5.7403,0.3591,-0.0125
2052,16.8736,5.6346,0.3201,-0.0190
2053,16.9121,5.5234,0.2734,-0.0263
2054,16.9441,5.4136,0.2309,-0.0327
2055,16.9908,5.2973,0.1895,-0.0378
2056,17.0556,5.1867,0.1544,-0.0425
2057,17.1158,5.0743,0.1295,-0.0481
2058,17.1683,4.9659,0.0968,-0.0536
2059,17.2272,4.8542,0.0667,-0.0580
2060,17.3146,4.7427,0.0466,-0.0622
2061,17.4177,4.6300,0.0417,-0.0673
2062,17.5173,4.5210,0.0373,-0.0728
2063,17.6259,4.4271,0.0320,-0.0772
2064,17.7557,4.3441,0.0261,-0.0811
2065,17.8912,4.2504,0.0211,-0.0860
2066,18.0197,4.1589,0.0170,-0.0921
2067,18.1563,4.0766,0.0121,-0.0977
2068,18.3376,3.9943,0.0071,-0.1025
2069,18.5506,3.8962,0.0022,-0.1079
2070,18.7493,3.7769,-0.0025,-0.1127
2071,18.9268,3.6514,-0.0076,-0.1167
2072,19.0758,3.5405,-0.0122,-0.1205
2073,19.2082,3.4428,-0.0159,-0.1243
2074,19.3183,3.3477,-0.0196,-0.1273
2075,19.4103,3.2654,-0.0237,-0.1299
2076,19.4785,3.1841,-0.0275,-0.1326
2077,19.5267,3.1022,-0.0313,-0.1350
2078,19.5529,3.0258,-0.0352,-0.1373
2079,19.5725,2.9604,-0.0388,-0.1398
2080,19.5849,2.8899,-0.0421,-0.1418
2081,19.5989,2.8026,-0.0450,-0.1437
2082,19.6074,2.7092,-0.0479,-0.1459
2083,19.6151,2.6261,-0.0511,-0.1475
2084,19.6234,2.5483,-0.0540,-0.1486
2085,19.6347,2.4688,-0.0571,-0.1494
2086,19.6391,2.3821,-0.0614,-0.1505
2087,19.6392,2.2968,-0.0642,-0.1522
2088,19.6328,2.2154,-0.0672,-0.1535
2089,19.6269,2.1345,-0.0717,-0.1546
2090,19.6201,2.0562,-0.0761,nan
2091,19.6146,1.9831,-0.0801,nan
2092,19.6102,1.9086,-0.0827,nan
2093,19.5993,1.8364,-0.0838,nan
2094,19.5854,1.7643,-0.0848,nan
2095,19.5667,1.6925,-0.0860,nan
2096,19.5550,1.6220,-0.0875,nan
2097,19.5489,1.5539,-0.0890,nan
2098,19.5427,1.4863,-0.0909,nan
2099,19.5259,1.4218,-0.0904,nan
2100,19.5063,1.3597,-0.0927,nan
2101,19.4862,1.2964,-0.0938,nan
2102,19.4727,1.2336,-0.0923,nan
2103,19.4606,1.1730,-0.0927,nan
2104,19.4495,1.1142,-0.0957,nan
2105,19.4364,1.0544,-0.0965,nan
2106,19.4218,0.9969,-0.0949,nan
2107,19.4047,0.9419,-0.0949,nan
2108,19.3903,0.8863,-0.0985,nan
2109,19.3772,0.8306,-0.0996,nan
2110,19.3639,0.7766,-0.0976,nan
2111,19.3462,0.7235,-0.0974,nan
2112,19.3305,0.6726,-0.1019,nan
2113,19.3145,0.6209,-0.1023,nan
2114,19.2952,0.5696,-0.1011,nan
2115,19.2775,0.5193,-0.1003,nan
2116,19.2703,0.4688,-0.1041,nan
2117,19.2636,0.4175,-0.1050,nan
2118,19.2541,0.3655,-0.1048,nan
2119,19.2396,0.3139,-0.1038,nan
2120,19.2309,0.2672,-0.1042,nan
2121,19.2267,0.2312,-0.1076,nan
2122,19.2222,0.2019,-0.1084,nan
2123,19.2141,0.1735,-0.1081,nan
2124,19.2107,0.1468,-0.1083,nan
2125,19.2092,0.1212,-0.1089,nan
2126,19.2055,0.1036,-0.1098,nan
2127,19.1989,0.0984,-0.1106,nan
2128,19.2002,0.0943,-0.1115,nan
2129,19.2049,0.0900,-0.1122,nan
2130,19.2087,0.0863,-0.1128,nan
2131,19.2069,0.0832,-0.1136,nan
2132,19.2074,0.0802,-0.1146,nan
2133,19.2093,0.0773,-0.1151,nan
2134,19.2134,0.0744,-0.1157,nan
2135,19.2157,0.0713,-0.1168,nan
2136,19.2243,0.0682,-0.1175,nan
2137,19.2309,0.0656,-0.1180,nan
2138,19.2358,0.0627,-0.1187,nan
2139,19.2360,0.0596,-0.1192,nan
2140,19.2437,0.0568,-0.1197,nan
2141,19.2522,0.0540,-0.1205,nan
2142,19.2590,0.0512,-0.1211,nan
2143,19.2617,0.0484,-0.1221,nan
2144,19.2711,0.0455,-0.1230,nan
2145,19.2841,0.0427,-0.1233,nan
2146,19.2984,0.0397,-0.1243,nan
2147,19.3117,0.0359,-0.1248,nan
2148,19.3348,0.0314,-0.1253,nan
2149,19.3524,0.0261,-0.1258,nan
2150,19.3637,0.0215,-0.1262,nan
2151,19.3701,0.0188,-0.1270,nan
2152,19.3847,0.0175,-0.1280,nan
2153,19.4025,0.0156,-0.1284,nan
2154,19.4162,0.0153,-0.1291,nan
2155,19.4197,0.0138,-0.1298,nan
2156,19.4273,0.0120,-0.1303,nan
2157,19.4373,0.0069,-0.1307,nan
2158,19.4478,0.0032,-0.1310,nan
2159,19.4534,-0.0003,-0.1315,nan
2160,19.4654,-0.0004,-0.1319,nan
2161,19.4764,-0.0022,-0.1322,nan
2162,19.4830,-0.0033,-0.1325,nan
2163,19.4820,-0.0070,-0.1328,nan
2164,19.4895,-0.0092,-0.1331,nan
2165,19.4987,-0.0117,-0.1335,nan
2166,19.5067,-0.0116,-0.1336,nan
2167,19.5073,-0.0125,-0.1341,nan
2168,19.5121,-0.0129,-0.1350,nan
2169,19.5187,-0.0160,-0.1360,nan
2170,19.5256,-0.0179,-0.1366,nan
2171,19.5278,-0.0202,-0.1371,nan
2172,19.5362,-0.0200,-0.1371,nan
2173,19.5449,-0.0213,-0.1375,nan
2174,19.5498,-0.0221,-0.1383,nan
2175,19.5471,-0.0247,-0.1388,nan
2176,19.5541,-0.0254,-0.1392,nan
2177,19.5634,-0.0274,-0.1392,nan
2178,19.5713,-0.0277,-0.1392,nan
2179,19.5714,-0.0293,-0.1396,nan
2180,19.5769,-0.0294,-0.1396,nan
2181,19.5824,-0.0313,-0.1398,nan
2182,19.5896,-0.0317,-0.1402,nan
2183,19.5917,-0.0334,-0.1402,nan
2184,19.6007,-0.0339,-0.1407,nan
2185,19.6097,-0.0361,-0.1414,nan
2186,19.6158,-0.0363,-0.1413,nan
2187,19.6134,-0.0378,-0.1414,nan
2188,19.6202,-0.0380,-0.1418,nan
2189,19.6299,-0.0394,-0.1422,nan
2190,19.6387,-0.0394,-0.1424,nan
2191,19.6390,-0.0412,-0.1428,nan
2192,19.6445,-0.0414,-0.1431,nan
2193,19.6491,-0.0421,-0.1431,nan
2194,19.6546,-0.0415,-0.1427,nan
2195,19.6542,-0.0434,-0.1421,nan
2196,19.6605,-0.0434,-0.1418,nan
2197,19.6666,-0.0440,-0.1423,nan
2198,19.6707,-0.0430,-0.1436,nan
2199,19.6674,-0.0443,-0.1440,nan
2200,19.6744,-0.0444,-0.1439,nan
2201,19.6834,-0.0185,-0.0543,nan
2202,19.6907,0.0039,0.0041,nan
2203,19.6893,0.0203,0.0211,nan
2204,19.6932,0.0420,0.0318,nan
2205,19.6969,0.0533,0.0285,nan
2206,19.7024,0.0590,0.0225,nan
2207,19.7040,0.0586,0.0145,nan
2208,19.7122,0.0586,0.0055,nan
2209,19.7169,0.0555,-0.0032,nan
2210,19.7195,0.0561,-0.0091,nan
2211,19.7168,0.0528,-0.0138,nan
2212,19.7246,0.0518,-0.0194,nan
2213,19.7330,0.0473,-0.0246,nan
2214,19.7373,0.0448,-0.0278,nan
2215,19.7340,0.0409,-0.0295,nan
2216,19.7385,0.0387,-0.0307,nan
2217,19.7425,0.0357,-0.0319,nan
2218,19.7463,0.0357,-0.0304,nan
2219,19.7457,0.0341,-0.0279,nan
2220,19.7518,0.0333,-0.0313,nan
2221,19.7553,0.0316,-0.0330,nan
2222,19.7572,0.0322,-0.0327,nan
2223,19.7531,0.0305,-0.0329,nan
2224,19.7582,0.0293,-0.0333,nan
2225,19.7652,0.0272,-0.0330,nan
2226,19.7714,0.0287,-0.0315,nan
2227,19.7686,0.0291,-0.0301,nan
2228,19.7709,0.0272,-0.0332,nan
2229,19.7742,0.0231,-0.0304,nan
2230,19.7776,0.0245,-0.0309,nan
2231,19.7762,0.0237,-0.0353,nan
2232,19.7826,0.0257,-0.0350,nan
2233,19.7890,0.0229,-0.0326,nan
2234,19.7918,0.0234,-0.0344,nan
2235,19.7861,0.0222,-0.0366,nan
2236,19.7904,0.0231,-0.0345,nan
2237,19.7977,0.0202,-0.0061,nan
2238,19.8026,0.0197,-0.0198,nan
2239,19.7995,0.0197,-0.0347,nan
2240,19.8006,0.0232,-0.0346,nan
2241,19.8014,0.0203,-0.0334,nan
2242,19.8032,0.0198,-0.0331,nan
2243,19.8005,0.0191,-0.0354,nan
2244,19.8053,0.0217,-0.0357,nan
2245,19.8100,0.0192,-0.0340,nan
2246,19.8113,0.0209,-0.0099,nan
2247,19.8052,0.0207,-0.0097,nan
2248,19.8087,0.0213,-0.0230,nan
2249,19.8144,0.0191,-0.0295,nan
2250,19.8188,0.0225,-0.0085,nan
2251,19.8160,0.0192,0.0057,nan
2252,19.8174,0.0200,0.0064,nan
2253,19.8184,0.0180,-0.0082,nan
2254,19.8207,0.0200,-0.0067,nan
2255,19.8170,0.0174,0.0056,nan
2256,19.8199,0.0189,-0.0101,nan
2257,19.8235,0.0172,-0.0150,nan
2258,19.8240,0.0181,-0.0089,nan
2259,19.8157,0.0157,-0.0187,nan
2260,19.8152,0.0190,-0.0280,nan
2261,19.8192,0.0140,-0.0293,nan
2262,19.8223,0.0178,-0.0308,nan
2263,19.8167,0.0164,-0.0293,nan
2264,19.8166,0.0181,-0.0258,nan
2265,19.8172,0.0117,-0.0213,nan
2266,19.8185,0.0175,-0.0165,nan
2267,19.8147,0.0176,-0.0257,nan
2268,19.8185,0.0159,-0.0270,nan
2269,19.8224,0.0128,-0.0256,nan
2270,19.8234,0.0197,-0.0273,nan
2271,19.8162,0.0173,-0.0298,nan
2272,19.8175,0.0152,-0.0288,nan
2273,19.8232,0.0126,-0.0253,nan
2274,19.8278,0.0190,-0.0237,nan
2275,19.8230,0.0180,-0.0259,nan
2276,19.8228,0.0158,-0.0257,nan
2277,19.8241,0.0125,-0.0240,nan
2278,19.8283,0.0191,-0.0245,nan
2279,19.8267,0.0173,-0.0246,nan
2280,19.8318,0.0145,-0.0269,nan
2281,19.8363,0.0104,-0.0262,nan
2282,19.8368,0.0147,-0.0223,nan
2283,19.8300,0.0146,-0.0220,nan
2284,19.8317,0.0136,-0.0225,nan
2285,19.8370,0.0112,-0.0227,nan
2286,19.8406,0.0166,-0.0229,nan
2287,19.8340,0.0157,-0.0219,nan
2288,19.8319,0.0148,-0.0228,nan
2289,19.8306,0.0100,-0.0227,nan
2290,19.8305,0.0141,-0.0232,nan
2291,19.8254,0.0139,-0.0239,nan
2292,19.8268,0.0122,-0.0246,nan
2293,19.8293,0.0090,-0.0238,nan
2294,19.8294,0.0162,-0.0245,nan
2295,19.8212,0.0144,-0.0253,nan
2296,19.8226,0.0116,-0.0254,nan
2297,19.8274,0.0076,-0.0238,nan
2298,19.8326,0.0134,-0.0241,nan
2299,19.8291,0.0129,-0.0267,nan
2300,19.8295,0.0106,-0.0259,nan
2301,19.8315,0.0083,-0.0253,nan
2302,19.8347,0.0141,-0.0218,nan
2303,19.8302,0.0129,-0.0215,nan
2304,19.8314,0.0115,-0.0250,nan
2305,19.8336,0.0094,-0.0244,nan
2306,19.8356,0.0142,-0.0225,nan
2307,19.8283,0.0119,-0.0222,nan
2308,19.8290,0.0113,-0.0205,nan
2309,19.8345,0.0077,-0.0232,nan
2310,19.8382,0.0138,-0.0236,nan
2311,19.8317,0.0131,-0.0219,nan
2312,19.8327,0.0116,-0.0207,nan
2313,19.8359,0.0099,-0.0232,nan
2314,19.8377,0.0150,-0.0252,nan
2315,19.8325,0.0129,-0.0215,nan
2316,19.8347,0.0119,-0.0193,nan
2317,19.8388,0.0087,-0.0213,nan
2318,19.8404,0.0155,-0.0224,nan
2319,19.8334,0.0142,-0.0215,nan
2320,19.8325,0.0114,-0.0226,nan
2321,19.8340,0.0074,-0.0240,nan
2322,19.8371,0.0144,-0.0199,nan
2323,19.8292,0.0141,-0.0164,nan
2324,19.8252,0.0110,-0.0125,nan
2325,19.8253,0.0068,-0.0161,nan
2326,19.8257,0.0127,-0.0154,nan
2327,19.8177,0.0122,-0.0160,nan
2328,19.8173,0.0107,-0.0130,nan
2329,19.8186,0.0075,-0.0130,nan
2330,19.8201,0.0136,-0.0166,nan
2331,19.8148,0.0136,-0.0181,nan
2332,19.8190,0.0101,-0.0143,nan
2333,19.8242,0.0065,-0.0159,nan
2334,19.8268,0.0131,-0.0214,nan
2335,19.8180,0.0128,-0.0234,nan
2336,19.8156,0.0115,-0.0168,nan
2337,19.8172,0.0075,-0.0178,nan
2338,19.8195,0.0116,-0.0219,nan
2339,19.8128,0.0103,-0.0211,nan
2340,19.8134,0.0083,-0.0134,nan
2341,19.8146,0.0058,-0.0137,nan
2342,19.8127,0.0124,-0.0193,nan
2343,19.8039,0.0118,-0.0227,nan
2344,19.8037,0.0101,-0.0186,nan
2345,19.8036,0.0060,-0.0179,nan
2346,19.8026,0.0114,-0.0237,nan
2347,19.7928,0.0113,-0.0234,nan
2348,19.7923,0.0082,-0.0157,nan
2349,19.7974,0.0044,-0.0194,nan
2350,19.8027,0.0118,-0.0250,nan
2351,19.7970,0.0119,-0.0224,nan
2352,19.7977,0.0099,-0.0167,nan
2353,19.7999,0.0044,-0.0199,nan
2354,19.8002,0.0113,-0.0226,nan
2355,19.7928,0.0116,-0.0231,nan
2356,19.7929,0.0063,-0.0164,nan
2357,19.7942,0.0030,-0.0186,nan
2358,19.7957,0.0102,-0.0264,nan
2359,19.7875,0.0095,-0.0261,nan
2360,19.7871,0.0079,-0.0190,nan
2361,19.7907,0.0029,-0.0183,nan
2362,19.7938,0.0099,-0.0237,nan
2363,19.7879,0.0106,-0.0273,nan
2364,19.7871,0.0072,-0.0214,nan
2365,19.7872,0.0035,-0.0196,nan
2366,19.7859,0.0093,-0.0248,nan
2367,19.7765,0.0084,-0.0252,nan
2368,19.7763,0.0065,-0.0192,nan
2369,19.7788,0.0041,-0.0186,nan
2370,19.7793,0.0108,-0.0231,nan
2371,19.7709,0.0095,-0.0279,nan
2372,19.7710,0.0068,-0.0221,nan
2373,19.7742,0.0037,-0.0202,nan
2374,19.7770,0.0088,-0.0261,nan
2375,19.7705,0.0084,-0.0272,nan
2376,19.7708,0.0072,-0.0188,nan
2377,19.7720,0.0043,-0.0204,nan
2378,19.7710,0.0097,-0.0250,nan
2379,19.7620,0.0081,-0.0239,nan
2380,19.7611,0.0047,-0.0197,nan
2381,19.7621,0.0024,-0.0195,nan
2382,19.7622,0.0108,-0.0225,nan
2383,19.7529,0.0070,-0.0263,nan
2384,19.7505,0.0039,-0.0201,nan
2385,19.7520,0.0036,-0.0182,nan
2386,19.7556,0.0100,-0.0244,nan
2387,19.7505,0.0081,-0.0257,nan
2388,19.7520,0.0039,-0.0158,nan
2389,19.7539,-0.0008,-0.0189,nan
2390,19.7506,0.0082,-0.0279,nan
2391,19.7412,0.0087,-0.0263,nan
2392,19.7454,0.0044,-0.0177,nan
2393,19.7505,0.0016,-0.0206,nan
2394,19.7506,0.0085,-0.0244,nan
2395,19.7421,0.0073,-0.0252,nan
2396,19.7424,0.0045,-0.0178,nan
2397,19.7452,0.0018,-0.0212,nan
2398,19.7477,0.0087,-0.0287,nan
2399,19.7423,0.0071,-0.0295,nan
2400,19.7427,0.0027,-0.0203,nan
2401,19.7440,0.0009,-0.0216,nan
2402,19.7461,0.0100,-0.0246,nan
2403,19.7399,0.0082,-0.0236,nan
2404,19.7400,0.0052,-0.0201,nan
2405,19.7427,0.0032,-0.0206,nan
2406,19.7454,0.0100,-0.0245,nan
2407,19.7394,0.0090,-0.0251,nan
2408,19.7390,0.0056,-0.0167,nan
2409,19.7411,0.0022,-0.0201,nan
2410,19.7428,0.0105,-0.0226,nan
2411,19.7365,0.0094,-0.0215,nan
2412,19.7378,0.0028,-0.0188,nan
2413,19.7408,0.0007,-0.0204,nan
2414,19.7426,0.0032,-0.0247,nan
2415,19.7368,0.0050,-0.0258,nan
2416,19.7387,0.0050,-0.0199,nan
2417,19.7429,0.0091,-0.0214,nan
2418,19.7453,0.0042,-0.0248,nan
2419,19.7420,0.0007,-0.0292,nan
2420,19.7433,0.0026,-0.0233,nan
2421,19.7425,0.0044,-0.0199,nan
2422,19.7405,0.0022,-0.0241,nan
2423,19.7322,0.0037,-0.0250,nan
2424,19.7331,0.0121,-0.0156,nan
2425,19.7365,0.0045,-0.0222,nan
2426,19.7394,-0.0028,-0.0289,nan
2427,19.7335,0.0010,-0.0247,nan
2428,19.7339,0.0079,-0.0182,nan
2429,19.7350,0.0046,-0.0200,nan
2430,19.7351,0.0030,-0.0221,nan
2431,19.7294,0.0105,-0.0244,nan
2432,19.7347,0.0061,-0.0207,nan
2433,19.7400,0.0024,-0.0214,nan
2434,19.7403,0.0040,-0.0262,nan
2435,19.7319,0.0007,-0.0260,nan
2436,19.7321,0.0050,-0.0202,nan
2437,19.7365,0.0040,-0.0234,nan
2438,19.7418,0.0071,-0.0256,nan
2439,19.7383,0.0016,-0.0226,nan
2440,19.7404,0.0052,-0.0216,nan
2441,19.7433,0.0038,-0.0220,nan
2442,19.7440,0.0072,-0.0220,nan
2443,19.7371,0.0004,-0.0181,nan
2444,19.7382,0.0037,-0.0246,nan
2445,19.7403,0.0009,-0.0275,nan
2446,19.7395,0.0044,-0.0192,nan
2447,19.7328,0.0000,-0.0214,nan
2448,19.7373,0.0037,-0.0235,nan
2449,19.7412,-0.0022,-0.0237,nan
2450,19.7417,0.0004,-0.0203,nan
2451,19.7361,-0.0012,-0.0235,nan
2452,19.7367,0.0007,-0.0253,nan
2453,19.7372,-0.0038,-0.0228,nan
2454,19.7381,0.0031,-0.0260,nan
2455,19.7320,-0.0004,-0.0237,nan
2456,19.7334,0.0047,-0.0260,nan
2457,19.7354,0.0018,-0.0209,nan
2458,19.7362,0.0077,-0.0231,nan
2459,19.7299,0.0009,-0.0269,nan
2460,19.7322,0.0024,-0.0248,nan
2461,19.7353,0.0038,-0.0200,nan
2462,19.7378,0.0077,-0.0242,nan
2463,19.7332,-0.0014,-0.0262,nan
2464,19.7347,0.0037,-0.0223,nan
2465,19.7380,0.0064,-0.0215,nan
2466,19.7414,0.0077,-0.0224,nan
2467,19.7344,-0.0007,-0.0282,nan
2468,19.7335,0.0037,-0.0225,nan
2469,19.7368,0.0035,-0.0244,nan
2470,19.7393,0.0092,-0.0227,nan
2471,19.7308,0.0016,-0.0284,nan
2472,19.7303,0.0075,-0.0221,nan
2473,19.7336,0.0050,-0.0215,nan
2474,19.7367,0.0066,-0.0242,nan
2475,19.7314,0.0004,-0.0223,nan
2476,19.7346,0.0020,-0.0193,nan
2477,19.7397,0.0012,-0.0254,nan
2478,19.7411,0.0071,-0.0265,nan
2479,19.7329,0.0056,-0.0213,nan
2480,19.7325,0.0068,-0.0211,nan
2481,19.7357,0.0022,-0.0216,nan
2482,19.7389,0.0081,-0.0214,nan
2483,19.7336,-0.0002,-0.0161,nan
2484,19.7338,0.0019,-0.0232,nan
2485,19.7340,0.0024,-0.0250,nan
2486,19.7339,0.0072,-0.0203,nan
2487,19.7299,-0.0014,-0.0209,nan
2488,19.7374,0.0023,-0.0243,nan
2489,19.7428,0.0059,-0.0243,nan
2490,19.7419,0.0075,-0.0170,nan
2491,19.7324,-0.0017,-0.0244,nan
2492,19.7324,0.0046,-0.0275,nan
2493,19.7346,0.0036,-0.0190,nan
2494,19.7358,0.0054,-0.0189,nan
2495,19.7310,-0.0021,-0.0228,nan
2496,19.7349,0.0042,-0.0234,nan
2497,19.7388,0.0043,-0.0164,nan
2498,19.7399,0.0055,-0.0227,nan
2499,19.7358,-0.0018,-0.0264,nan
2500,19.7418,0.0039,-0.0231,nan
