model_year,mixed_control_sv,restore_control_sv
2001,19.7774,19.8166
2002,19.7275,19.8170
2003,19.6541,19.8171
2004,19.5638,19.8172
2005,19.4554,19.8175
2006,19.3302,19.8190
2007,19.1989,19.8200
2008,19.0656,19.8194
2009,18.9365,19.8191
2010,18.8178,19.8192
2011,18.7093,19.8203
2012,18.6056,19.8206
2013,18.5035,19.8213
2014,18.3980,19.8216
2015,18.2828,19.8218
2016,18.1531,19.8218
2017,17.9959,19.8218
2018,17.8243,19.8221
2019,17.6430,19.8232
2020,17.4750,19.8232
2021,17.3433,19.8235
2022,17.2250,19.8242
2023,17.1188,19.8253
2024,17.0402,19.8252
2025,16.9567,19.8249
2026,16.8758,19.8258
2027,16.8266,19.8269
2028,16.7718,19.8271
2029,16.7193,19.8271
2030,16.6904,19.8277
2031,16.6505,19.8282
2032,16.6134,19.8281
2033,16.5839,19.8280
2034,16.5609,19.8275
2035,16.5488,19.8273
2036,16.5315,19.8277
2037,16.5156,19.8272
2038,16.5062,19.8273
2039,16.5122,19.8282
2040,16.5245,19.8284
2041,16.5373,19.8287
2042,16.5451,19.8293
2043,16.5609,19.8296
2044,16.5866,19.8301
2045,16.6149,19.8305
2046,16.6430,19.8304
2047,16.6712,19.8309
2048,16.7146,19.8316
2049,16.7497,19.8315
2050,16.7846,19.8316
2051,16.8227,19.8321
2052,16.8736,19.8331
2053,16.9121,19.8335
2054,16.9441,19.8339
2055,16.9908,19.8340
2056,17.0556,19.8343
2057,17.1158,19.8351
2058,17.1683,19.8352
2059,17.2272,19.8351
2060,17.3146,19.8352
2061,17.4177,19.8360
2062,17.5173,19.8363
2063,17.6259,19.8366
2064,17.7557,19.8370
2065,17.8912,19.8380
2066,18.0197,19.8384
2067,18.1563,19.8386
2068,18.3376,19.8391
2069,18.5506,19.8389
2070,18.7493,19.8386
2071,18.9268,19.8390
2072,19.0758,19.8394
2073,19.2082,19.8395
2074,19.3183,19.8393
2075,19.4103,19.8390
2076,19.4785,19.8389
2077,19.5267,19.8388
2078,19.5529,19.8390
2079,19.5725,19.8394
2080,19.5849,19.8396
2081,19.5989,19.8400
2082,19.6074,19.8397
2083,19.6151,19.8393
2084,19.6234,19.8398
2085,19.6347,19.8392
2086,19.6391,19.8386
2087,19.6392,19.8388
2088,19.6328,19.8389
2089,19.6269,19.8400
2090,19.6201,19.8404
2091,19.6146,19.8409
2092,19.6102,19.8399
2093,19.5993,19.8405
2094,19.5854,19.8410
2095,19.5667,19.8399
2096,19.5550,19.8403
2097,19.5489,19.8409
2098,19.5427,19.8410
2099,19.5259,19.8409
2100,19.5063,19.8403
2101,19.4862,19.8396
2102,19.4727,19.8400
2103,19.4606,19.8419
2104,19.4495,19.8436
2105,19.4364,19.8438
2106,19.4218,19.8430
2107,19.4047,19.8422
2108,19.3903,19.8407
2109,19.3772,19.8413
2110,19.3639,19.8430
2111,19.3462,19.8437
2112,19.3305,19.8448
2113,19.3145,19.8465
2114,19.2952,19.8468
2115,19.2775,19.8460
2116,19.2703,19.8459
2117,19.2636,19.8448
2118,19.2541,19.8460
2119,19.2396,19.8477
2120,19.2309,19.8488
2121,19.2267,19.8494
2122,19.2222,19.8500
2123,19.2141,19.8515
2124,19.2107,19.8514
2125,19.2092,19.8503
2126,19.2055,19.8492
2127,19.1989,19.8479
2128,19.2002,19.8483
2129,19.2049,19.8495
2130,19.2087,19.8504
2131,19.2069,19.8510
2132,19.2074,19.8515
2133,19.2093,19.8523
2134,19.2134,19.8536
2135,19.2157,19.8538
2136,19.2243,19.8530
2137,19.2309,19.8523
2138,19.2358,19.8530
2139,19.2360,19.8541
2140,19.2437,19.8547
2141,19.2522,19.8553
2142,19.2590,19.8566
2143,19.2617,19.8573
2144,19.2711,19.8575
2145,19.2841,19.8579
2146,19.2984,19.8578
2147,19.3117,19.8581
2148,19.3348,19.8586
2149,19.3524,19.8596
2150,19.3637,19.8591
2151,19.3701,19.8575
2152,19.3847,19.8565
2153,19.4025,19.8568
2154,19.4162,19.8576
2155,19.4197,19.8583
2156,19.4273,19.8588
2157,19.4373,19.8598
2158,19.4478,19.8605
2159,19.4534,19.8603
2160,19.4654,19.8610
2161,19.4764,19.8614
2162,19.4830,19.8618
2163,19.4820,19.8624
2164,19.4895,19.8629
2165,19.4987,19.8632
2166,19.5067,19.8638
2167,19.5073,19.8640
2168,19.5121,19.8642
2169,19.5187,19.8644
2170,19.5256,19.8650
2171,19.5278,19.8646
2172,19.5362,19.8643
2173,19.5449,19.8643
2174,19.5498,19.8643
2175,19.5471,19.8644
2176,19.5541,19.8645
2177,19.5634,19.8643
2178,19.5713,19.8642
2179,19.5714,19.8645
2180,19.5769,19.8648
2181,19.5824,19.8652
2182,19.5896,19.8655
2183,19.5917,19.8657
2184,19.6007,19.8663
2185,19.6097,19.8665
2186,19.6158,19.8669
2187,19.6134,19.8672
2188,19.6202,19.8677
2189,19.6299,19.8680
2190,19.6387,19.8684
2191,19.6390,19.8686
2192,19.6445,19.8691
2193,19.6491,19.8693
2194,19.6546,19.8695
2195,19.6542,19.8697
2196,19.6605,19.8700
2197,19.6666,19.8703
2198,19.6707,19.8704
2199,19.6674,19.8710
2200,19.6744,19.8715
2201,19.6834,19.8718
2202,19.6907,19.8716
2203,19.6893,19.8717
2204,19.6932,19.8719
2205,19.6969,19.8722
2206,19.7024,19.8728
2207,19.7040,19.8739
2208,19.7122,19.8742
2209,19.7169,19.8739
2210,19.7195,19.8742
2211,19.7168,19.8742
2212,19.7246,19.8746
2213,19.7330,19.8746
2214,19.7373,19.8746
2215,19.7340,19.8744
2216,19.7385,19.8746
2217,19.7425,19.8750
2218,19.7463,19.8752
2219,19.7457,19.8751
2220,19.7518,19.8751
2221,19.7553,19.8753
2222,19.7572,19.8760
2223,19.7531,19.8764
2224,19.7582,19.8767
2225,19.7652,19.8771
2226,19.7714,19.8772
2227,19.7686,19.8774
2228,19.7709,19.8778
2229,19.7742,19.8780
2230,19.7776,19.8783
2231,19.7762,19.8788
2232,19.7826,19.8790
2233,19.7890,19.8790
2234,19.7918,19.8793
2235,19.7861,19.8797
2236,19.7904,19.8804
2237,19.7977,19.8803
2238,19.8026,19.8807
2239,19.7995,19.8805
2240,19.8006,19.8806
2241,19.8014,19.8810
2242,19.8032,19.8815
2243,19.8005,19.8820
2244,19.8053,19.8826
2245,19.8100,19.8833
2246,19.8113,19.8835
2247,19.8052,19.8832
2248,19.8087,19.8835
2249,19.8144,19.8838
2250,19.8188,19.8842
2251,19.8160,19.8849
2252,19.8174,19.8855
2253,19.8184,19.8852
2254,19.8207,19.8852
2255,19.8170,19.8858
2256,19.8199,19.8859
2257,19.8235,19.8859
2258,19.8240,19.8867
2259,19.8157,19.8867
2260,19.8152,19.8872
2261,19.8192,19.8872
2262,19.8223,19.8870
2263,19.8167,19.8873
2264,19.8166,19.8882
2265,19.8172,19.8883
2266,19.8185,19.8880
2267,19.8147,19.8880
2268,19.8185,19.8884
2269,19.8224,19.8883
2270,19.8234,19.8880
2271,19.8162,19.8887
2272,19.8175,19.8890
2273,19.8232,19.8894
2274,19.8278,19.8902
2275,19.8230,19.8900
2276,19.8228,19.8899
2277,19.8241,19.8907
2278,19.8283,19.8915
2279,19.8267,19.8916
2280,19.8318,19.8919
2281,19.8363,19.8920
2282,19.8368,19.8924
2283,19.8300,19.8929
2284,19.8317,19.8928
2285,19.8370,19.8926
2286,19.8406,19.8927
2287,19.8340,19.8930
2288,19.8319,19.8939
2289,19.8306,19.8938
2290,19.8305,19.8938
2291,19.8254,19.8937
2292,19.8268,19.8936
2293,19.8293,19.8940
2294,19.8294,19.8942
2295,19.8212,19.8943
2296,19.8226,19.8945
2297,19.8274,19.8945
2298,19.8326,19.8946
2299,19.8291,19.8953
2300,19.8295,19.8953
2301,19.8315,19.8949
2302,19.8347,19.8953
2303,19.8302,19.8958
2304,19.8314,19.8962
2305,19.8336,19.8967
2306,19.8356,19.8972
2307,19.8283,19.8971
2308,19.8290,19.8975
2309,19.8345,19.8980
2310,19.8382,19.8987
2311,19.8317,19.8987
2312,19.8327,19.8986
2313,19.8359,19.8995
2314,19.8377,19.8996
2315,19.8325,19.8996
2316,19.8347,19.9000
2317,19.8388,19.9007
2318,19.8404,19.9009
2319,19.8334,19.9008
2320,19.8325,19.9012
2321,19.8340,19.9013
2322,19.8371,19.9019
2323,19.8292,19.9018
2324,19.8252,19.9025
2325,19.8253,19.9028
2326,19.8257,19.9027
2327,19.8177,19.9024
2328,19.8173,19.9027
2329,19.8186,19.9036
2330,19.8201,19.9045
2331,19.8148,19.9046
2332,19.8190,19.9048
2333,19.8242,19.9053
2334,19.8268,19.9062
2335,19.8180,19.9063
2336,19.8156,19.9063
2337,19.8172,19.9066
2338,19.8195,19.9072
2339,19.8128,19.9074
2340,19.8134,19.9079
2341,19.8146,19.9077
2342,19.8127,19.9076
2343,19.8039,19.9079
2344,19.8037,19.9080
2345,19.8036,19.9085
2346,19.8026,19.9089
2347,19.7928,19.9090
2348,19.7923,19.9091
2349,19.7974,19.9091
2350,19.8027,19.9094
2351,19.7970,19.9092
2352,19.7977,19.9093
2353,19.7999,19.9093
2354,19.8002,19.9101
2355,19.7928,19.9103
2356,19.7929,19.9102
2357,19.7942,19.9106
2358,19.7957,19.9108
2359,19.7875,19.9114
2360,19.7871,19.9118
2361,19.7907,19.9118
2362,19.7938,19.9121
2363,19.7879,19.9123
2364,19.7871,19.9132
2365,19.7872,19.9136
2366,19.7859,19.9130
2367,19.7765,19.9127
2368,19.7763,19.9132
2369,19.7788,19.9139
2370,19.7793,19.9141
2371,19.7709,19.9143
2372,19.7710,19.9153
2373,19.7742,19.9154
2374,19.7770,19.9153
2375,19.7705,19.9154
2376,19.7708,19.9154
2377,19.7720,19.9160
2378,19.7710,19.9164
2379,19.7620,19.9166
2380,19.7611,19.9167
2381,19.7621,19.9168
2382,19.7622,19.9174
2383,19.7529,19.9182
2384,19.7505,19.9184
2385,19.7520,19.9183
2386,19.7556,19.9187
2387,19.7505,19.9189
2388,19.7520,19.9196
2389,19.7539,19.9193
2390,19.7506,19.9191
2391,19.7412,19.9190
2392,19.7454,19.9191
2393,19.7505,19.9194
2394,19.7506,19.9200
2395,19.7421,19.9202
2396,19.7424,19.9202
2397,19.7452,19.9206
2398,19.7477,19.9208
2399,19.7423,19.9208
2400,19.7427,19.9216
2401,19.7440,19.9221
2402,19.7461,19.9222
2403,19.7399,19.9224
2404,19.7400,19.9228
2405,19.7427,19.9233
2406,19.7454,19.9238
2407,19.7394,19.9241
2408,19.7390,19.9242
2409,19.7411,19.9241
2410,19.7428,19.9251
2411,19.7365,19.9256
2412,19.7378,19.9255
2413,19.7408,19.9252
2414,19.7426,19.9256
2415,19.7368,19.9260
2416,19.7387,19.9264
2417,19.7429,19.9267
2418,19.7453,19.9269
2419,19.7420,19.9266
2420,19.7433,19.9267
2421,19.7425,19.9266
2422,19.7405,19.9275
2423,19.7322,19.9280
2424,19.7331,19.9282
2425,19.7365,19.9283
2426,19.7394,19.9288
2427,19.7335,19.9290
2428,19.7339,19.9292
2429,19.7350,19.9294
2430,19.7351,19.9299
2431,19.7294,19.9295
2432,19.7347,19.9294
2433,19.7400,19.9294
2434,19.7403,19.9300
2435,19.7319,19.9306
2436,19.7321,19.9308
2437,19.7365,19.9309
2438,19.7418,19.9315
2439,19.7383,19.9323
2440,19.7404,19.9326
2441,19.7433,19.9326
2442,19.7440,19.9323
2443,19.7371,19.9318
2444,19.7382,19.9323
2445,19.7403,19.9325
2446,19.7395,19.9329
2447,19.7328,19.9332
2448,19.7373,19.9339
2449,19.7412,19.9339
2450,19.7417,19.9342
2451,19.7361,19.9347
2452,19.7367,19.9352
2453,19.7372,19.9345
2454,19.7381,19.9340
2455,19.7320,19.9344
2456,19.7334,19.9347
2457,19.7354,19.9350
2458,19.7362,19.9353
2459,19.7299,19.9355
2460,19.7322,19.9357
2461,19.7353,19.9359
2462,19.7378,19.9360
2463,19.7332,19.9360
2464,19.7347,19.9366
2465,19.7380,19.9369
2466,19.7414,19.9361
2467,19.7344,19.9357
2468,19.7335,19.9361
2469,19.7368,19.9368
2470,19.7393,19.9374
2471,19.7308,19.9377
2472,19.7303,19.9377
2473,19.7336,19.9379
2474,19.7367,19.9382
2475,19.7314,19.9386
2476,19.7346,19.9392
2477,19.7397,19.9394
2478,19.7411,19.9395
2479,19.7329,19.9397
2480,19.7325,19.9401
2481,19.7357,19.9405
2482,19.7389,19.9407
2483,19.7336,19.9410
2484,19.7338,19.9407
2485,19.7340,19.9408
2486,19.7339,19.9407
2487,19.7299,19.9409
2488,19.7374,19.9411
2489,19.7428,19.9415
2490,19.7419,19.9418
2491,19.7324,19.9419
2492,19.7324,19.9423
2493,19.7346,19.9428
2494,19.7358,19.9433
2495,19.7310,19.9433
2496,19.7349,19.9433
2497,19.7388,19.9439
2498,19.7399,19.9444
2499,19.7358,19.9449
2500,19.7418,19.9453
