model_year,hose010_region_sv,hose010_global_sv,hose030_region_sv,hose030_global_sv,hose050_region_sv,hose050_global_sv
2001,0.0436,0.0448,0.1323,0.1355,0.2238,0.2291
2002,0.0653,0.0687,0.2035,0.2132,0.3715,0.3897
2003,0.0700,0.0749,0.2139,0.2284,0.3842,0.4127
2004,0.0722,0.0771,0.2186,0.2368,0.3866,0.4228
2005,0.0739,0.0818,0.2221,0.2440,0.3873,0.4317
2006,0.0751,0.0839,0.2250,0.2501,0.3904,0.4417
2007,0.0761,0.0847,0.2283,0.2550,0.3943,0.4486
2008,0.0772,0.0878,0.2323,0.2620,0.3994,0.4589
2009,0.0782,0.0884,0.2361,0.2667,0.4050,0.4652
2010,0.0791,0.0895,0.2397,0.2708,0.4106,0.4725
2011,0.0800,0.0905,0.2429,0.2754,0.4163,0.4781
2012,0.0808,0.0915,0.2457,0.2781,0.4212,0.4834
2013,0.0814,0.0919,0.2479,0.2800,0.4258,0.4866
2014,0.0821,0.0926,0.2499,0.2806,0.4301,0.4907
2015,0.0825,0.0931,0.2516,0.2823,0.4336,0.4930
2016,0.0831,0.0932,0.2532,0.2837,0.4362,0.4945
2017,0.0834,0.0926,0.2541,0.2828,0.4381,0.4946
2018,0.0837,0.0942,0.2553,0.2839,0.4396,0.4958
2019,0.0839,0.0917,0.2561,0.2816,0.4406,0.4940
2020,0.0841,0.0921,0.2567,0.2814,0.4418,0.4940
2021,0.0842,0.0900,0.2573,0.2800,0.4429,0.4930
2022,0.0843,0.0895,0.2577,0.2782,0.4439,0.4911
2023,0.0842,0.0892,0.2580,0.2767,0.4444,0.4883
2024,0.0843,0.0895,0.2583,0.2767,0.4452,0.4881
2025,0.0843,0.0895,0.2584,0.2759,0.4456,0.4871
2026,0.0843,0.0882,0.2586,0.2741,0.4460,0.4843
2027,0.0843,0.0876,0.2585,0.2714,0.4464,0.4827
2028,0.0841,0.0864,0.2585,0.2707,0.4466,0.4807
2029,0.0842,0.0847,0.2585,0.2692,0.4466,0.4773
2030,0.0841,0.0846,0.2584,0.2670,0.4468,0.4755
2031,0.0840,0.0836,0.2584,0.2657,0.4469,0.4733
2032,0.0839,0.0838,0.2583,0.2650,0.4471,0.4719
2033,0.0838,0.0829,0.2581,0.2615,0.4471,0.4693
2034,0.0837,0.0821,0.2580,0.2606,0.4469,0.4663
2035,0.0836,0.0815,0.2578,0.2592,0.4468,0.4643
2036,0.0835,0.0806,0.2576,0.2568,0.4468,0.4613
2037,0.0834,0.0799,0.2575,0.2557,0.4467,0.4594
2038,0.0833,0.0803,0.2572,0.2547,0.4466,0.4576
2039,0.0832,0.0787,0.2570,0.2531,0.4464,0.4555
2040,0.0831,0.0783,0.2568,0.2508,0.4463,0.4533
2041,0.0830,0.0778,0.2567,0.2490,0.4462,0.4510
2042,0.0829,0.0771,0.2565,0.2481,0.4460,0.4496
2043,0.0829,0.0766,0.2563,0.2470,0.4460,0.4466
2044,0.0828,0.0756,0.2562,0.2447,0.4457,0.4440
2045,0.0828,0.0755,0.2560,0.2428,0.4457,0.4427
2046,0.0826,0.0756,0.2558,0.2428,0.4454,0.4417
2047,0.0825,0.0755,0.2556,0.2416,0.4452,0.4396
2048,0.0825,0.0748,0.2555,0.2402,0.4452,0.4373
2049,0.0824,0.0744,0.2553,0.2404,0.4449,0.4354
2050,0.0823,0.0743,0.2552,0.2387,0.4449,0.4340
2051,0.0822,0.0732,0.2550,0.2362,0.4448,0.4324
2052,0.0822,0.0736,0.2549,0.2360,0.4447,0.4315
2053,0.0822,0.0733,0.2547,0.2350,0.4444,0.4292
2054,0.0821,0.0727,0.2546,0.2333,0.4444,0.4272
2055,0.0820,0.0719,0.2544,0.2326,0.4443,0.4256
2056,0.0820,0.0712,0.2542,0.2311,0.4441,0.4244
2057,0.0819,0.0705,0.2542,0.2312,0.4438,0.4229
2058,0.0819,0.0716,0.2541,0.2307,0.4438,0.4226
2059,0.0818,0.0712,0.2539,0.2285,0.4437,0.4201
2060,0.0818,0.0703,0.2536,0.2271,0.4437,0.4175
2061,0.0818,0.0711,0.2537,0.2271,0.4435,0.4177
2062,0.0817,0.0707,0.2535,0.2272,0.4434,0.4173
2063,0.0817,0.0699,0.2533,0.2256,0.4433,0.4158
2064,0.0817,0.0706,0.2534,0.2258,0.4433,0.4163
2065,0.0816,0.0705,0.2534,0.2247,0.4430,0.4140
2066,0.0816,0.0699,0.2534,0.2245,0.4429,0.4124
2067,0.0816,0.0690,0.2534,0.2236,0.4429,0.4111
2068,0.0815,0.0694,0.2532,0.2236,0.4427,0.4107
2069,0.0815,0.0694,0.2531,0.2227,0.4427,0.4096
2070,0.0815,0.0681,0.2531,0.2211,0.4426,0.4082
2071,0.0814,0.0678,0.2531,0.2205,0.4424,0.4070
2072,0.0815,0.0687,0.2530,0.2209,0.4424,0.4062
2073,0.0814,0.0684,0.2529,0.2201,0.4422,0.4056
2074,0.0813,0.0687,0.2528,0.2204,0.4421,0.4050
2075,0.0814,0.0690,0.2530,0.2209,0.4422,0.4045
2076,0.0814,0.0689,0.2528,0.2202,0.4420,0.4044
2077,0.0813,0.0690,0.2528,0.2198,0.4420,0.4045
2078,0.0813,0.0700,0.2527,0.2206,0.4420,0.4043
2079,0.0813,0.0693,0.2526,0.2191,0.4418,0.4023
2080,0.0813,0.0681,0.2526,0.2179,0.4418,0.4010
2081,0.0813,0.0692,0.2526,0.2185,0.4418,0.4005
2082,0.0813,0.0693,0.2526,0.2194,0.4416,0.4008
2083,0.0813,0.0689,0.2525,0.2173,0.4415,0.4000
2084,0.0810,0.0675,0.2522,0.2161,0.4414,0.3985
2085,0.0812,0.0677,0.2524,0.2171,0.4415,0.3982
2086,0.0813,0.0682,0.2525,0.2169,0.4414,0.3977
2087,0.0810,0.0680,0.2522,0.2164,0.4411,0.3969
2088,0.0812,0.0679,0.2522,0.2164,0.4412,0.3966
2089,0.0812,0.0676,0.2523,0.2152,0.4413,0.3963
2090,0.0812,0.0671,0.2523,0.2151,0.4411,0.3945
2091,0.0809,0.0670,0.2520,0.2148,0.4410,0.3946
2092,0.0812,0.0670,0.2523,0.2143,0.4411,0.3943
2093,0.0812,0.0669,0.2523,0.2148,0.4410,0.3938
2094,0.0809,0.0669,0.2520,0.2144,0.4408,0.3935
2095,0.0811,0.0666,0.2521,0.2146,0.4408,0.3933
2096,0.0811,0.0674,0.2522,0.2142,0.4408,0.3927
2097,0.0808,0.0662,0.2519,0.2131,0.4406,0.3911
2098,0.0808,0.0666,0.2518,0.2121,0.4406,0.3913
2099,0.0808,0.0670,0.2518,0.2131,0.4404,0.3913
2100,0.0808,0.0669,0.2517,0.2130,0.4405,0.3906
2101,0.0810,0.0664,0.2520,0.2132,0.4405,0.3906
2102,0.0811,0.0685,0.2520,0.2127,0.4407,0.3912
2103,0.0810,0.0669,0.2520,0.2122,0.4406,0.3904
2104,0.0811,0.0667,0.2520,0.2119,0.4404,0.3892
2105,0.0808,0.0649,0.2516,0.2106,0.4402,0.3878
2106,0.0808,0.0659,0.2516,0.2113,0.4401,0.3884
2107,0.0807,0.0658,0.2515,0.2103,0.4401,0.3874
2108,0.0810,0.0667,0.2518,0.2111,0.4403,0.3880
2109,0.0810,0.0655,0.2518,0.2108,0.4402,0.3867
2110,0.0810,0.0668,0.2514,0.2102,0.4402,0.3871
2111,0.0811,0.0671,0.2517,0.2097,0.4401,0.3857
2112,0.0810,0.0668,0.2515,0.2110,0.4402,0.3869
2113,0.0810,0.0659,0.2517,0.2100,0.4400,0.3860
2114,0.0807,0.0652,0.2511,0.2095,0.4399,0.3858
2115,0.0807,0.0664,0.2514,0.2102,0.4396,0.3855
2116,0.0806,0.0657,0.2509,0.2094,0.4396,0.3856
2117,0.0809,0.0660,0.2516,0.2083,0.4397,0.3852
2118,0.0809,0.0656,0.2512,0.2085,0.4399,0.3851
2119,0.0810,0.0647,0.2515,0.2086,0.4397,0.3830
2120,0.0809,0.0655,0.2512,0.2086,0.4397,0.3838
2121,0.0810,0.0649,0.2515,0.2078,0.4396,0.3834
2122,0.0809,0.0653,0.2511,0.2084,0.4395,0.3829
2123,0.0810,0.0654,0.2513,0.2089,0.4395,0.3821
2124,0.0807,0.0655,0.2507,0.2083,0.4394,0.3833
2125,0.0807,0.0654,0.2508,0.2083,0.4391,0.3828
2126,0.0805,0.0654,0.2510,0.2081,0.4391,0.3820
2127,0.0809,0.0649,0.2509,0.2069,0.4392,0.3820
2128,0.0808,0.0654,0.2508,0.2069,0.4393,0.3829
2129,0.0809,0.0658,0.2509,0.2076,0.4394,0.3824
2130,0.0808,0.0650,0.2508,0.2071,0.4392,0.3815
2131,0.0809,0.0641,0.2508,0.2062,0.4392,0.3804
2132,0.0808,0.0650,0.2508,0.2072,0.4391,0.3812
2133,0.0809,0.0662,0.2508,0.2072,0.4392,0.3814
2134,0.0808,0.0646,0.2507,0.2063,0.4389,0.3802
2135,0.0806,0.0635,0.2505,0.2050,0.4387,0.3789
2136,0.0806,0.0640,0.2503,0.2053,0.4386,0.3796
2137,0.0807,0.0649,0.2506,0.2064,0.4387,0.3802
2138,0.0808,0.0646,0.2505,0.2063,0.4389,0.3800
2139,0.0808,0.0643,0.2506,0.2058,0.4386,0.3785
2140,0.0808,0.0644,0.2506,0.2059,0.4386,0.3785
2141,0.0808,0.0644,0.2506,0.2047,0.4387,0.3781
2142,0.0808,0.0644,0.2505,0.2057,0.4387,0.3793
2143,0.0807,0.0644,0.2505,0.2059,0.4386,0.3789
2144,0.0807,0.0638,0.2504,0.2051,0.4387,0.3781
2145,0.0807,0.0645,0.2504,0.2055,0.4384,0.3781
2146,0.0807,0.0644,0.2503,0.2062,0.4384,0.3785
2147,0.0807,0.0645,0.2503,0.2057,0.4385,0.3780
2148,0.0807,0.0645,0.2503,0.2054,0.4383,0.3775
2149,0.0807,0.0646,0.2503,0.2046,0.4383,0.3771
2150,0.0805,0.0635,0.2501,0.2044,0.4382,0.3774
2151,0.0804,0.0644,0.2500,0.2046,0.4379,0.3766
2152,0.0807,0.0648,0.2505,0.2056,0.4381,0.3774
2153,0.0806,0.0641,0.2506,0.2052,0.4380,0.3758
2154,0.0806,0.0636,0.2505,0.2048,0.4382,0.3766
2155,0.0806,0.0638,0.2505,0.2048,0.4380,0.3767
2156,0.0806,0.0642,0.2503,0.2052,0.4380,0.3767
2157,0.0806,0.0648,0.2505,0.2047,0.4379,0.3754
2158,0.0806,0.0644,0.2504,0.2046,0.4378,0.3760
2159,0.0806,0.0636,0.2504,0.2046,0.4379,0.3755
2160,0.0806,0.0642,0.2505,0.2046,0.4379,0.3756
2161,0.0805,0.0637,0.2503,0.2033,0.4378,0.3747
2162,0.0806,0.0632,0.2503,0.2038,0.4379,0.3757
2163,0.0806,0.0640,0.2505,0.2046,0.4377,0.3759
2164,0.0806,0.0626,0.2503,0.2040,0.4376,0.3742
2165,0.0805,0.0634,0.2502,0.2040,0.4377,0.3748
2166,0.0805,0.0635,0.2503,0.2041,0.4376,0.3758
2167,0.0805,0.0646,0.2503,0.2044,0.4376,0.3756
2168,0.0805,0.0631,0.2504,0.2041,0.4376,0.3746
2169,0.0805,0.0635,0.2503,0.2039,0.4376,0.3748
2170,0.0805,0.0635,0.2502,0.2039,0.4375,0.3745
2171,0.0805,0.0639,0.2502,0.2049,0.4375,0.3745
2172,0.0805,0.0644,0.2503,0.2046,0.4374,0.3756
2173,0.0805,0.0638,0.2502,0.2032,0.4374,0.3752
2174,0.0805,0.0628,0.2502,0.2035,0.4373,0.3740
2175,0.0804,0.0637,0.2500,0.2038,0.4373,0.3743
2176,0.0805,0.0632,0.2502,0.2043,0.4374,0.3742
2177,0.0805,0.0632,0.2501,0.2038,0.4375,0.3746
2178,0.0805,0.0631,0.2500,0.2035,0.4373,0.3747
2179,0.0804,0.0638,0.2501,0.2042,0.4372,0.3745
2180,0.0805,0.0635,0.2500,0.2040,0.4371,0.3734
2181,0.0804,0.0641,0.2498,0.2046,0.4372,0.3746
2182,0.0804,0.0637,0.2500,0.2040,0.4371,0.3737
2183,0.0804,0.0644,0.2497,0.2038,0.4370,0.3741
2184,0.0804,0.0639,0.2500,0.2040,0.4370,0.3751
2185,0.0804,0.0632,0.2497,0.2029,0.4369,0.3734
2186,0.0804,0.0627,0.2500,0.2029,0.4370,0.3728
2187,0.0804,0.0640,0.2496,0.2033,0.4370,0.3739
2188,0.0804,0.0638,0.2499,0.2038,0.4370,0.3739
2189,0.0804,0.0636,0.2496,0.2037,0.4368,0.3731
2190,0.0804,0.0634,0.2498,0.2041,0.4368,0.3734
2191,0.0804,0.0634,0.2496,0.2031,0.4369,0.3736
2192,0.0804,0.0638,0.2498,0.2034,0.4367,0.3725
2193,0.0804,0.0632,0.2495,0.2037,0.4367,0.3731
2194,0.0804,0.0637,0.2498,0.2040,0.4367,0.3738
2195,0.0804,0.0634,0.2495,0.2042,0.4368,0.3732
2196,0.0803,0.0630,0.2498,0.2034,0.4367,0.3739
2197,0.0804,0.0635,0.2495,0.2033,0.4366,0.3730
2198,0.0804,0.0642,0.2498,0.2046,0.4365,0.3737
2199,0.0804,0.0635,0.2495,0.2034,0.4365,0.3727
2200,0.0804,0.0636,0.2495,0.2036,0.4366,0.3737
2201,0.0376,0.0201,0.1169,0.0678,0.1941,0.1225
2202,0.0162,-0.0040,0.0539,-0.0022,0.0822,-0.0051
2203,0.0106,-0.0111,0.0382,-0.0225,0.0559,-0.0399
2204,0.0079,-0.0156,0.0306,-0.0346,0.0450,-0.0575
2205,0.0062,-0.0177,0.0258,-0.0425,0.0405,-0.0656
2206,0.0050,-0.0197,0.0225,-0.0475,0.0371,-0.0713
2207,0.0039,-0.0214,0.0199,-0.0510,0.0343,-0.0769
2208,0.0031,-0.0232,0.0174,-0.0544,0.0322,-0.0817
2209,0.0024,-0.0244,0.0155,-0.0568,0.0304,-0.0841
2210,0.0020,-0.0250,0.0137,-0.0590,0.0282,-0.0871
2211,0.0013,-0.0253,0.0121,-0.0615,0.0259,-0.0889
2212,0.0004,-0.0258,0.0108,-0.0619,0.0236,-0.0916
2213,-0.0001,-0.0273,0.0094,-0.0641,0.0212,-0.0944
2214,-0.0006,-0.0273,0.0078,-0.0648,0.0188,-0.0963
2215,-0.0013,-0.0281,0.0066,-0.0661,0.0166,-0.0985
2216,-0.0018,-0.0286,0.0052,-0.0663,0.0147,-0.0991
2217,-0.0022,-0.0290,0.0040,-0.0670,0.0124,-0.0999
2218,-0.0024,-0.0266,0.0027,-0.0665,0.0107,-0.1005
2219,-0.0026,-0.0267,0.0015,-0.0673,0.0086,-0.1016
2220,-0.0029,-0.0272,0.0003,-0.0669,0.0072,-0.1018
2221,-0.0031,-0.0269,-0.0008,-0.0673,0.0053,-0.1016
2222,-0.0033,-0.0261,-0.0015,-0.0672,0.0041,-0.1011
2223,-0.0034,-0.0253,-0.0023,-0.0667,0.0023,-0.1016
2224,-0.0035,-0.0246,-0.0029,-0.0648,0.0010,-0.1005
2225,-0.0035,-0.0241,-0.0036,-0.0635,-0.0004,-0.0996
2226,-0.0035,-0.0226,-0.0040,-0.0630,-0.0015,-0.0989
2227,-0.0034,-0.0225,-0.0044,-0.0622,-0.0025,-0.0975
2228,-0.0033,-0.0220,-0.0047,-0.0595,-0.0032,-0.0952
2229,-0.0032,-0.0213,-0.0048,-0.0583,-0.0039,-0.0941
2230,-0.0032,-0.0205,-0.0050,-0.0563,-0.0045,-0.0918
2231,-0.0030,-0.0202,-0.0050,-0.0560,-0.0048,-0.0906
2232,-0.0030,-0.0191,-0.0051,-0.0535,-0.0051,-0.0880
2233,-0.0029,-0.0184,-0.0051,-0.0528,-0.0055,-0.0862
2234,-0.0028,-0.0186,-0.0050,-0.0516,-0.0057,-0.0844
2235,-0.0027,-0.0177,-0.0049,-0.0497,-0.0060,-0.0822
2236,-0.0026,-0.0168,-0.0048,-0.0476,-0.0060,-0.0790
2237,-0.0024,-0.0150,-0.0046,-0.0447,-0.0061,-0.0770
2238,-0.0023,-0.0147,-0.0045,-0.0432,-0.0062,-0.0743
2239,-0.0022,-0.0144,-0.0043,-0.0418,-0.0063,-0.0726
2240,-0.0021,-0.0148,-0.0042,-0.0403,-0.0062,-0.0699
2241,-0.0020,-0.0137,-0.0041,-0.0394,-0.0062,-0.0675
2242,-0.0019,-0.0130,-0.0040,-0.0383,-0.0061,-0.0662
2243,-0.0018,-0.0131,-0.0038,-0.0375,-0.0060,-0.0644
2244,-0.0017,-0.0132,-0.0037,-0.0354,-0.0059,-0.0624
2245,-0.0016,-0.0115,-0.0035,-0.0335,-0.0057,-0.0598
2246,-0.0016,-0.0115,-0.0034,-0.0327,-0.0056,-0.0580
2247,-0.0015,-0.0115,-0.0032,-0.0316,-0.0055,-0.0561
2248,-0.0014,-0.0105,-0.0030,-0.0302,-0.0054,-0.0537
2249,-0.0013,-0.0096,-0.0030,-0.0291,-0.0053,-0.0506
2250,-0.0012,-0.0094,-0.0029,-0.0276,-0.0051,-0.0513
2251,-0.0012,-0.0097,-0.0028,-0.0271,-0.0049,-0.0495
2252,-0.0012,-0.0091,-0.0027,-0.0264,-0.0049,-0.0478
2253,-0.0011,-0.0092,-0.0026,-0.0251,-0.0047,-0.0451
2254,-0.0012,-0.0080,-0.0024,-0.0237,-0.0046,-0.0431
2255,-0.0012,-0.0076,-0.0023,-0.0226,-0.0045,-0.0424
2256,-0.0011,-0.0081,-0.0022,-0.0221,-0.0044,-0.0405
2257,-0.0011,-0.0080,-0.0021,-0.0217,-0.0044,-0.0389
2258,-0.0011,-0.0078,-0.0021,-0.0209,-0.0043,-0.0381
2259,-0.0010,-0.0070,-0.0020,-0.0196,-0.0042,-0.0369
2260,-0.0010,-0.0062,-0.0020,-0.0182,-0.0041,-0.0340
2261,-0.0010,-0.0069,-0.0020,-0.0179,-0.0040,-0.0338
2262,-0.0010,-0.0067,-0.0019,-0.0172,-0.0040,-0.0318
2263,-0.0009,-0.0062,-0.0018,-0.0167,-0.0039,-0.0311
2264,-0.0009,-0.0059,-0.0017,-0.0160,-0.0038,-0.0302
2265,-0.0009,-0.0057,-0.0017,-0.0151,-0.0037,-0.0285
2266,-0.0009,-0.0060,-0.0016,-0.0147,-0.0037,-0.0280
2267,-0.0009,-0.0058,-0.0016,-0.0145,-0.0037,-0.0270
2268,-0.0009,-0.0052,-0.0016,-0.0137,-0.0036,-0.0261
2269,-0.0009,-0.0044,-0.0016,-0.0128,-0.0036,-0.0251
2270,-0.0009,-0.0043,-0.0016,-0.0120,-0.0035,-0.0243
2271,-0.0008,-0.0037,-0.0016,-0.0122,-0.0034,-0.0231
2272,-0.0009,-0.0038,-0.0016,-0.0111,-0.0034,-0.0221
2273,-0.0009,-0.0045,-0.0015,-0.0113,-0.0033,-0.0211
2274,-0.0008,-0.0042,-0.0015,-0.0109,-0.0033,-0.0199
2275,-0.0008,-0.0050,-0.0015,-0.0107,-0.0032,-0.0200
2276,-0.0008,-0.0045,-0.0015,-0.0100,-0.0032,-0.0189
2277,-0.0008,-0.0037,-0.0015,-0.0099,-0.0032,-0.0183
2278,-0.0008,-0.0045,-0.0014,-0.0085,-0.0032,-0.0170
2279,-0.0007,-0.0035,-0.0014,-0.0076,-0.0031,-0.0166
2280,-0.0008,-0.0030,-0.0014,-0.0073,-0.0031,-0.0154
2281,-0.0007,-0.0032,-0.0014,-0.0071,-0.0030,-0.0154
2282,-0.0008,-0.0036,-0.0014,-0.0063,-0.0030,-0.0143
2283,-0.0007,-0.0032,-0.0014,-0.0074,-0.0030,-0.0131
2284,-0.0007,-0.0029,-0.0014,-0.0069,-0.0029,-0.0132
2285,-0.0007,-0.0025,-0.0014,-0.0063,-0.0028,-0.0126
2286,-0.0007,-0.0026,-0.0014,-0.0052,-0.0029,-0.0105
2287,-0.0007,-0.0023,-0.0014,-0.0047,-0.0028,-0.0112
2288,-0.0007,-0.0024,-0.0013,-0.0041,-0.0028,-0.0105
2289,-0.0007,-0.0022,-0.0014,-0.0047,-0.0028,-0.0101
2290,-0.0007,-0.0026,-0.0014,-0.0040,-0.0028,-0.0105
2291,-0.0006,-0.0012,-0.0013,-0.0041,-0.0027,-0.0088
2292,-0.0007,-0.0016,-0.0013,-0.0033,-0.0027,-0.0083
2293,-0.0006,-0.0012,-0.0013,-0.0025,-0.0027,-0.0082
2294,-0.0006,-0.0017,-0.0013,-0.0023,-0.0027,-0.0075
2295,-0.0006,-0.0012,-0.0013,-0.0028,-0.0026,-0.0064
2296,-0.0006,-0.0028,-0.0013,-0.0025,-0.0026,-0.0065
2297,-0.0006,-0.0011,-0.0012,-0.0014,-0.0026,-0.0061
2298,-0.0006,-0.0013,-0.0013,-0.0013,-0.0025,-0.0048
2299,-0.0006,-0.0005,-0.0012,-0.0014,-0.0025,-0.0049
2300,-0.0006,-0.0015,-0.0012,-0.0008,-0.0024,-0.0044
2301,-0.0006,-0.0012,-0.0012,-0.0004,-0.0024,-0.0044
2302,-0.0006,-0.0008,-0.0012,-0.0001,-0.0025,-0.0035
2303,-0.0006,-0.0007,-0.0012,0.0003,-0.0024,-0.0020
2304,-0.0005,-0.0010,-0.0011,0.0001,-0.0024,-0.0022
2305,-0.0006,0.0003,-0.0011,0.0003,-0.0023,-0.0021
2306,-0.0005,-0.0007,-0.0011,0.0004,-0.0023,-0.0030
2307,-0.0005,-0.0008,-0.0011,0.0007,-0.0022,-0.0023
2308,-0.0005,0.0004,-0.0011,0.0015,-0.0022,-0.0006
2309,-0.0005,0.0003,-0.0010,0.0017,-0.0022,-0.0007
2310,-0.0005,-0.0005,-0.0010,0.0019,-0.0021,-0.0002
2311,-0.0005,-0.0002,-0.0010,0.0016,-0.0020,0.0007
2312,-0.0005,-0.0003,-0.0010,0.0015,-0.0019,0.0008
2313,-0.0005,0.0006,-0.0010,0.0019,-0.0019,0.0013
2314,-0.0005,0.0001,-0.0009,0.0031,-0.0019,0.0024
2315,-0.0005,0.0009,-0.0009,0.0034,-0.0019,0.0024
2316,-0.0004,0.0001,-0.0009,0.0028,-0.0019,0.0021
2317,-0.0004,0.0018,-0.0009,0.0047,-0.0020,0.0037
2318,-0.0005,-0.0004,-0.0009,0.0027,-0.0020,0.0027
2319,-0.0004,0.0001,-0.0008,0.0038,-0.0018,0.0025
2320,-0.0004,0.0006,-0.0008,0.0039,-0.0018,0.0033
2321,-0.0004,0.0010,-0.0008,0.0043,-0.0018,0.0037
2322,-0.0004,0.0010,-0.0008,0.0047,-0.0017,0.0050
2323,-0.0004,0.0011,-0.0008,0.0051,-0.0017,0.0045
2324,-0.0004,0.0014,-0.0008,0.0058,-0.0018,0.0055
2325,-0.0004,0.0015,-0.0008,0.0059,-0.0017,0.0059
2326,-0.0004,0.0009,-0.0007,0.0052,-0.0016,0.0056
2327,-0.0004,0.0015,-0.0007,0.0057,-0.0016,0.0055
2328,-0.0003,0.0013,-0.0007,0.0058,-0.0016,0.0064
2329,-0.0004,0.0007,-0.0007,0.0056,-0.0016,0.0066
2330,-0.0004,0.0008,-0.0007,0.0061,-0.0015,0.0074
2331,-0.0004,0.0011,-0.0006,0.0065,-0.0016,0.0070
2332,-0.0004,0.0013,-0.0006,0.0062,-0.0015,0.0079
2333,-0.0003,0.0011,-0.0006,0.0061,-0.0015,0.0074
2334,-0.0004,0.0012,-0.0006,0.0064,-0.0015,0.0079
2335,-0.0003,0.0014,-0.0006,0.0072,-0.0014,0.0088
2336,-0.0003,0.0014,-0.0005,0.0069,-0.0014,0.0088
2337,-0.0003,0.0020,-0.0006,0.0064,-0.0013,0.0084
2338,-0.0003,0.0024,-0.0006,0.0080,-0.0013,0.0102
2339,-0.0003,0.0021,-0.0005,0.0084,-0.0013,0.0095
2340,-0.0003,0.0026,-0.0005,0.0086,-0.0012,0.0099
2341,-0.0003,0.0019,-0.0005,0.0085,-0.0012,0.0092
2342,-0.0002,0.0018,-0.0005,0.0080,-0.0012,0.0101
2343,-0.0003,0.0018,-0.0005,0.0084,-0.0012,0.0102
2344,-0.0002,0.0023,-0.0004,0.0090,-0.0011,0.0110
2345,-0.0002,0.0018,-0.0004,0.0087,-0.0010,0.0105
2346,-0.0002,0.0018,-0.0004,0.0088,-0.0010,0.0117
2347,-0.0002,0.0021,-0.0004,0.0092,-0.0010,0.0113
2348,-0.0002,0.0021,-0.0004,0.0086,-0.0010,0.0124
2349,-0.0002,0.0024,-0.0003,0.0090,-0.0009,0.0113
2350,-0.0002,0.0030,-0.0003,0.0099,-0.0008,0.0132
2351,-0.0002,0.0024,-0.0002,0.0089,-0.0008,0.0123
2352,-0.0002,0.0026,-0.0002,0.0101,-0.0008,0.0126
2353,-0.0002,0.0027,-0.0002,0.0101,-0.0008,0.0125
2354,-0.0001,0.0021,0.0000,0.0099,-0.0008,0.0125
2355,-0.0002,0.0026,-0.0001,0.0099,-0.0007,0.0127
2356,-0.0002,0.0024,-0.0001,0.0097,-0.0007,0.0129
2357,-0.0001,0.0026,-0.0002,0.0097,-0.0007,0.0128
2358,-0.0001,0.0030,-0.0001,0.0108,-0.0006,0.0141
2359,-0.0001,0.0028,-0.0001,0.0108,-0.0006,0.0137
2360,-0.0001,0.0024,0.0002,0.0103,-0.0006,0.0140
2361,-0.0002,0.0030,-0.0000,0.0110,-0.0006,0.0138
2362,-0.0001,0.0031,-0.0000,0.0102,-0.0006,0.0139
2363,-0.0001,0.0031,-0.0000,0.0111,-0.0005,0.0140
2364,-0.0001,0.0035,-0.0001,0.0115,-0.0006,0.0152
2365,-0.0001,0.0032,-0.0000,0.0116,-0.0006,0.0145
2366,-0.0001,0.0023,-0.0000,0.0098,-0.0005,0.0143
2367,-0.0001,0.0027,-0.0000,0.0110,-0.0005,0.0149
2368,-0.0001,0.0029,-0.0001,0.0110,-0.0005,0.0148
2369,-0.0001,0.0030,-0.0000,0.0112,-0.0005,0.0140
2370,-0.0001,0.0038,-0.0000,0.0115,-0.0005,0.0155
2371,-0.0001,0.0045,0.0000,0.0125,-0.0005,0.0161
2372,-0.0001,0.0037,-0.0000,0.0121,-0.0005,0.0158
2373,-0.0001,0.0029,0.0000,0.0113,-0.0004,0.0147
2374,-0.0001,0.0039,0.0000,0.0117,-0.0004,0.0157
2375,-0.0001,0.0045,0.0000,0.0126,-0.0004,0.0155
2376,-0.0000,0.0024,0.0001,0.0116,-0.0003,0.0159
2377,-0.0001,0.0025,0.0000,0.0115,-0.0003,0.0155
2378,-0.0001,0.0029,0.0001,0.0116,-0.0003,0.0157
2379,-0.0001,0.0035,0.0001,0.0123,-0.0003,0.0169
2380,-0.0000,0.0037,0.0001,0.0133,-0.0003,0.0172
2381,-0.0001,0.0037,0.0001,0.0120,-0.0003,0.0160
2382,-0.0000,0.0032,0.0001,0.0121,-0.0003,0.0166
2383,-0.0001,0.0038,0.0001,0.0119,-0.0003,0.0160
2384,0.0000,0.0032,0.0001,0.0121,-0.0002,0.0163
2385,-0.0000,0.0034,0.0001,0.0124,-0.0002,0.0171
2386,0.0000,0.0034,0.0002,0.0125,-0.0001,0.0169
2387,-0.0000,0.0034,0.0002,0.0118,-0.0002,0.0161
2388,-0.0000,0.0041,0.0002,0.0129,-0.0001,0.0175
2389,0.0000,0.0044,0.0002,0.0129,-0.0001,0.0168
2390,-0.0000,0.0035,0.0002,0.0126,-0.0001,0.0176
2391,0.0000,0.0040,0.0002,0.0126,-0.0000,0.0165
2392,0.0000,0.0045,0.0002,0.0136,-0.0000,0.0179
2393,0.0000,0.0033,0.0003,0.0120,-0.0000,0.0162
2394,0.0000,0.0036,0.0002,0.0119,-0.0001,0.0177
2395,0.0000,0.0027,0.0003,0.0126,-0.0000,0.0167
2396,0.0000,0.0036,0.0003,0.0131,0.0000,0.0183
2397,0.0000,0.0038,0.0003,0.0125,0.0000,0.0173
2398,0.0001,0.0048,0.0003,0.0125,-0.0000,0.0189
2399,0.0000,0.0049,0.0003,0.0128,0.0000,0.0166
2400,0.0000,0.0038,0.0003,0.0125,0.0000,0.0179
2401,0.0001,0.0045,0.0005,0.0129,0.0001,0.0173
2402,0.0001,0.0044,0.0003,0.0123,0.0000,0.0179
2403,0.0001,0.0037,0.0003,0.0130,0.0001,0.0174
2404,0.0001,0.0034,0.0003,0.0134,0.0001,0.0188
2405,0.0001,0.0040,0.0003,0.0135,0.0001,0.0181
2406,0.0001,0.0044,0.0003,0.0133,0.0001,0.0180
2407,0.0001,0.0031,0.0004,0.0127,0.0001,0.0173
2408,0.0001,0.0036,0.0006,0.0123,0.0001,0.0167
2409,0.0001,0.0045,0.0007,0.0141,0.0002,0.0181
2410,0.0001,0.0039,0.0005,0.0126,0.0002,0.0179
2411,0.0001,0.0039,0.0004,0.0123,0.0002,0.0165
2412,0.0001,0.0043,0.0004,0.0137,0.0002,0.0177
2413,0.0001,0.0042,0.0004,0.0134,0.0002,0.0176
2414,0.0001,0.0044,0.0004,0.0132,0.0002,0.0182
2415,0.0001,0.0049,0.0004,0.0137,0.0002,0.0191
2416,0.0001,0.0039,0.0004,0.0133,0.0002,0.0183
2417,0.0001,0.0042,0.0004,0.0134,0.0002,0.0171
2418,0.0002,0.0047,0.0005,0.0136,0.0003,0.0181
2419,0.0001,0.0039,0.0004,0.0132,0.0003,0.0174
2420,0.0002,0.0046,0.0007,0.0138,0.0003,0.0183
2421,0.0001,0.0053,0.0005,0.0142,0.0003,0.0181
2422,0.0002,0.0045,0.0005,0.0140,0.0003,0.0191
2423,0.0001,0.0048,0.0005,0.0137,0.0003,0.0189
2424,0.0001,0.0044,0.0005,0.0141,0.0003,0.0188
2425,0.0001,0.0035,0.0004,0.0137,0.0003,0.0179
2426,0.0002,0.0035,0.0005,0.0139,0.0004,0.0186
2427,0.0002,0.0045,0.0008,0.0133,0.0004,0.0176
2428,0.0002,0.0051,0.0008,0.0138,0.0004,0.0181
2429,0.0001,0.0053,0.0006,0.0134,0.0004,0.0182
2430,0.0001,0.0041,0.0005,0.0141,0.0004,0.0184
2431,0.0001,0.0045,0.0005,0.0136,0.0004,0.0187
2432,0.0001,0.0048,0.0005,0.0136,0.0004,0.0190
2433,0.0001,0.0042,0.0005,0.0129,0.0004,0.0177
2434,0.0002,0.0036,0.0005,0.0132,0.0004,0.0189
2435,0.0001,0.0043,0.0005,0.0136,0.0004,0.0179
2436,0.0002,0.0049,0.0008,0.0141,0.0004,0.0190
2437,0.0002,0.0040,0.0006,0.0131,0.0005,0.0180
2438,0.0001,0.0038,0.0006,0.0130,0.0004,0.0184
2439,0.0002,0.0037,0.0006,0.0134,0.0005,0.0179
2440,0.0002,0.0044,0.0006,0.0139,0.0005,0.0185
2441,0.0002,0.0040,0.0005,0.0130,0.0005,0.0178
2442,0.0002,0.0051,0.0008,0.0143,0.0005,0.0187
2443,0.0002,0.0047,0.0007,0.0136,0.0005,0.0183
2444,0.0002,0.0039,0.0005,0.0134,0.0005,0.0187
2445,0.0002,0.0038,0.0006,0.0130,0.0005,0.0179
2446,0.0002,0.0055,0.0006,0.0144,0.0005,0.0188
2447,0.0002,0.0043,0.0009,0.0138,0.0005,0.0186
2448,0.0002,0.0044,0.0007,0.0136,0.0005,0.0192
2449,0.0002,0.0042,0.0006,0.0135,0.0005,0.0187
2450,0.0002,0.0042,0.0006,0.0138,0.0006,0.0189
2451,0.0002,0.0039,0.0009,0.0132,0.0005,0.0174
2452,0.0002,0.0055,0.0006,0.0141,0.0005,0.0192
2453,0.0002,0.0047,0.0007,0.0142,0.0006,0.0187
2454,0.0002,0.0045,0.0006,0.0137,0.0005,0.0188
2455,0.0003,0.0040,0.0009,0.0131,0.0009,0.0178
2456,0.0002,0.0036,0.0006,0.0127,0.0006,0.0178
2457,0.0002,0.0052,0.0006,0.0134,0.0006,0.0189
2458,0.0002,0.0045,0.0006,0.0129,0.0006,0.0186
2459,0.0003,0.0047,0.0009,0.0137,0.0006,0.0182
2460,0.0002,0.0038,0.0007,0.0135,0.0006,0.0183
2461,0.0002,0.0051,0.0007,0.0145,0.0006,0.0193
2462,0.0002,0.0043,0.0007,0.0133,0.0008,0.0186
2463,0.0003,0.0047,0.0009,0.0139,0.0006,0.0188
2464,0.0002,0.0047,0.0007,0.0143,0.0005,0.0187
2465,0.0002,0.0038,0.0006,0.0139,0.0006,0.0174
2466,0.0002,0.0038,0.0009,0.0133,0.0006,0.0180
2467,0.0002,0.0049,0.0007,0.0137,0.0006,0.0185
2468,0.0002,0.0055,0.0006,0.0140,0.0006,0.0190
2469,0.0002,0.0042,0.0009,0.0140,0.0008,0.0182
2470,0.0002,0.0048,0.0007,0.0140,0.0006,0.0184
2471,0.0002,0.0049,0.0007,0.0134,0.0006,0.0185
2472,0.0002,0.0043,0.0010,0.0143,0.0006,0.0191
2473,0.0002,0.0047,0.0007,0.0134,0.0006,0.0178
2474,0.0002,0.0043,0.0006,0.0122,0.0006,0.0177
2475,0.0003,0.0050,0.0010,0.0136,0.0006,0.0178
2476,0.0002,0.0041,0.0007,0.0130,0.0009,0.0185
2477,0.0002,0.0042,0.0007,0.0136,0.0010,0.0178
2478,0.0002,0.0043,0.0010,0.0137,0.0007,0.0184
2479,0.0003,0.0045,0.0008,0.0132,0.0007,0.0181
2480,0.0002,0.0041,0.0007,0.0128,0.0007,0.0178
2481,0.0003,0.0047,0.0010,0.0138,0.0006,0.0173
2482,0.0002,0.0037,0.0007,0.0128,0.0007,0.0176
2483,0.0002,0.0033,0.0007,0.0126,0.0007,0.0174
2484,0.0002,0.0046,0.0010,0.0137,0.0007,0.0185
2485,0.0003,0.0045,0.0008,0.0139,0.0010,0.0177
2486,0.0003,0.0048,0.0007,0.0141,0.0010,0.0192
2487,0.0003,0.0049,0.0010,0.0130,0.0008,0.0177
2488,0.0003,0.0045,0.0007,0.0126,0.0007,0.0184
2489,0.0003,0.0039,0.0007,0.0128,0.0007,0.0174
2490,0.0003,0.0038,0.0010,0.0132,0.0007,0.0179
2491,0.0003,0.0045,0.0007,0.0129,0.0007,0.0176
2492,0.0002,0.0047,0.0007,0.0136,0.0007,0.0182
2493,0.0003,0.0049,0.0010,0.0139,0.0007,0.0180
2494,0.0002,0.0045,0.0007,0.0136,0.0009,0.0184
2495,0.0002,0.0045,0.0010,0.0134,0.0007,0.0175
2496,0.0003,0.0033,0.0008,0.0125,0.0007,0.0173
2497,0.0003,0.0038,0.0007,0.0123,0.0007,0.0168
2498,0.0003,0.0046,0.0010,0.0130,0.0007,0.0180
2499,0.0003,0.0048,0.0008,0.0130,0.0009,0.0179
2500,0.0003,0.0046,0.0010,0.0136,0.0008,0.0182
